Snapshot_Date,Report_Month,Subject_Community_ID,Source_Property_Name,Is_Subject_Property,Distance,Year_Built,Total_Units,Exposure_Pct,Leased_Pct,Preleased_Pct,Applications_Last_7_Days,Applications_Last_30_Days,Concessions,Concession_Pct,Total_Available_Units,Total_Leased_Units,Vacant_Units,Asking_Rent,Asking_Rent_PSF,Effective_Rent,Effective_Rent_PSF,Avg_SqFt,Source_File_Name
2026-04-28,2026-04-01,SER,Skymor Southshore Bay,No,1.34883889433,2025,196,0.765306122449,0.219387755102,0.234693877551,3,14,4505.46666667,0.153439023726,150,0,153,2447.4,1.58149813896,2071.87333333,1.33883460849,1547.52,2026_04_29_11_40_RISE_Sereno_Market.xlsx
2026-04-28,2026-04-01,SER,The Parian,No,4.23029731257,2023,363,,0.988980716253,1,,,,,5,,15,2224.62444444,2.14168415603,1847.88777778,2.18666666667,1038.72666667,2026_04_29_11_40_RISE_Sereno_Market.xlsx
2026-04-28,2026-04-01,SER,Balcara 301 at Sun City,No,0.171820207643,2023,120,,1,1,,,,,0,,0,2192.7475,1.41444766973,2001.755,1.415,1550.25,2026_04_29_11_40_RISE_Sereno_Market.xlsx
2026-04-28,2026-04-01,SER,Ridley at Waterset,No,5.18040824449,2022,400,0.11,0.935,0.89,5,23,4154.40909091,0.166635666379,44,2,28,2077.20454545,1.94465839699,1731.06818182,1.62060894913,1068.15909091,2026_04_29_11_40_RISE_Sereno_Market.xlsx
2026-04-28,2026-04-01,SER,The Whitt,No,5.39760035673,2025,211,0.184834123223,0.767772511848,0.815165876777,8,28,4142.41025641,0.166631590676,39,0,50,2071.20512821,2.05927191149,1726.07692308,1.71613215724,1005.79487179,2026_04_29_11_40_RISE_Sereno_Market.xlsx
2026-04-28,2026-04-01,SER,Avilla Cypress Creek,No,1.87816688296,2025,168,0.113095238095,0.922619047619,0.886904761905,2,10,3808.78947368,0.153399984736,19,0,13,2068.89473684,2.32845634404,1751.52631579,1.9712711764,888.526315789,2026_04_29_11_40_RISE_Sereno_Market.xlsx
2026-04-28,2026-04-01,SER,Citizen at Waterset,No,5.27722426036,2024,236,0.114406779661,0.957627118644,0.885593220339,1,9,7746.25925926,0.320129285806,27,2,14,2016.77777778,1.96439393939,1371.14814815,1.33553391053,1026.66666667,2026_04_29_11_40_RISE_Sereno_Market.xlsx
2026-04-28,2026-04-01,SER,Beacon at Arbours,No,3.9837027057,2022,132,0.0454545454545,0.962121212121,0.954545454545,1,6,0,0,6,0,5,2001,1.40816326531,2001,1.40816326531,1421,2026_04_29_11_40_RISE_Sereno_Market.xlsx
2026-04-28,2026-04-01,SER,Tapestry Big Bend,No,6.08028398504,2024,343,0.102040816327,0.944606413994,0.897959183673,2,14,3938.74285714,0.166608635097,35,0,23,1969.37142857,2.06167558999,1641.25714286,1.71818263392,955.228571429,2026_04_29_11_40_RISE_Sereno_Market.xlsx
2026-04-28,2026-04-01,SER,Tapestry East Bay Apartments,No,6.01091058272,2024,343,0.102040816327,0.941690962099,0.897959183673,5,20,3936.17142857,0.166601338502,35,0,23,1968.08571429,2.06539534047,1640.2,1.72129771221,952.885714286,2026_04_29_11_40_RISE_Sereno_Market.xlsx
2026-04-28,2026-04-01,SER,The Easton Riverview,No,3.51824891302,2022,300,0.0566666666667,0.956666666667,0.943333333333,4,8,0,0,17,0,16,1927.70588235,1.69912376212,1927.70588235,1.69912376212,1134.52941176,2026_04_29_11_40_RISE_Sereno_Market.xlsx
2026-04-28,2026-04-01,SER,Shadetree,No,3.34150358056,2019,260,0.138461538462,0.884615384615,0.861538461538,5,27,3771.11111111,0.16664702416,36,2,40,1885.55555556,1.70321674111,1571.33333333,1.4193807397,1107.05555556,2026_04_29_11_40_RISE_Sereno_Market.xlsx
2026-04-28,2026-04-01,SER,RISE Sereno,Yes,0,2024,320,0.1,0.90625,0.9,9,50,8062.34375,0.358480185392,32,1,34,1874.40625,1.82729626809,1202.46875,1.17224676314,1025.78125,2026_04_29_11_40_RISE_Sereno_Market.xlsx
2026-04-28,2026-04-01,SER,Lola,No,5.29343470993,2018,264,0.0681818181818,0.939393939394,0.931818181818,9,45,3526.33333333,0.166650912185,18,0,16,1763.16666667,1.85379672897,1469.33333333,1.54485981308,951.111111111,2026_04_29_11_40_RISE_Sereno_Market.xlsx
2026-04-28,2026-04-01,SER,Madison Palms,No,3.61368636153,2025,317,0.154574132492,0.845425867508,0.845425867508,15,24,4781.71428571,0.23454877375,49,0,49,1699.2244898,1.79073468685,1300.67346939,1.37072006194,948.897959184,2026_04_29_11_40_RISE_Sereno_Market.xlsx
2026-04-28,2026-04-01,SER,Wildgrass,No,4.98108137596,2020,320,0.0625,0.95,0.9375,32,40,1682,0.0833234244946,20,0,16,1682,1.73581011352,1541.85,1.59117647059,969,2026_04_29_11_40_RISE_Sereno_Market.xlsx
2026-04-28,2026-04-01,SER,Property Rent Comparison,No,,,,,,,,,,,,,,,,,,,2026_04_29_11_40_RISE_Sereno_Market.xlsx
2026-04-28,2026-04-01,SER,Property Metric Rankings,No,,,,,,,,,,,,,,,,,,,2026_04_29_11_40_RISE_Sereno_Market.xlsx
2026-04-28,2026-04-01,SER,Asking Rent,No,,,,,,,,,,,,,,,,,,,2026_04_29_11_40_RISE_Sereno_Market.xlsx
2026-04-28,2026-04-01,SER,Property,No,Asking Rent,,,,,,,,,,,,,,,,,,2026_04_29_11_40_RISE_Sereno_Market.xlsx
2026-04-28,2026-04-01,SER,Skymor Southshore Bay,No,2447.4,,,,,,,,,,,,,,,,,,2026_04_29_11_40_RISE_Sereno_Market.xlsx
2026-04-28,2026-04-01,SER,The Parian,No,2224.62444444,,,,,,,,,,,,,,,,,,2026_04_29_11_40_RISE_Sereno_Market.xlsx
2026-04-28,2026-04-01,SER,Balcara 301 at Sun City,No,2192.7475,,,,,,,,,,,,,,,,,,2026_04_29_11_40_RISE_Sereno_Market.xlsx
2026-04-28,2026-04-01,SER,Ridley at Waterset,No,2077.20454545,,,,,,,,,,,,,,,,,,2026_04_29_11_40_RISE_Sereno_Market.xlsx
2026-04-28,2026-04-01,SER,The Whitt,No,2071.20512821,,,,,,,,,,,,,,,,,,2026_04_29_11_40_RISE_Sereno_Market.xlsx
2026-04-28,2026-04-01,SER,Avilla Cypress Creek,No,2068.89473684,,,,,,,,,,,,,,,,,,2026_04_29_11_40_RISE_Sereno_Market.xlsx
2026-04-28,2026-04-01,SER,Citizen at Waterset,No,2016.77777778,,,,,,,,,,,,,,,,,,2026_04_29_11_40_RISE_Sereno_Market.xlsx
2026-04-28,2026-04-01,SER,Beacon at Arbours,No,2001,,,,,,,,,,,,,,,,,,2026_04_29_11_40_RISE_Sereno_Market.xlsx
2026-04-28,2026-04-01,SER,Tapestry Big Bend,No,1969.37142857,,,,,,,,,,,,,,,,,,2026_04_29_11_40_RISE_Sereno_Market.xlsx
2026-04-28,2026-04-01,SER,Tapestry East Bay Apartments,No,1968.08571429,,,,,,,,,,,,,,,,,,2026_04_29_11_40_RISE_Sereno_Market.xlsx
2026-04-28,2026-04-01,SER,The Easton Riverview,No,1927.70588235,,,,,,,,,,,,,,,,,,2026_04_29_11_40_RISE_Sereno_Market.xlsx
2026-04-28,2026-04-01,SER,Shadetree,No,1885.55555556,,,,,,,,,,,,,,,,,,2026_04_29_11_40_RISE_Sereno_Market.xlsx
2026-04-28,2026-04-01,SER,RISE Sereno,Yes,1874.40625,,,,,,,,,,,,,,,,,,2026_04_29_11_40_RISE_Sereno_Market.xlsx
2026-04-28,2026-04-01,SER,Lola,No,1763.16666667,,,,,,,,,,,,,,,,,,2026_04_29_11_40_RISE_Sereno_Market.xlsx
2026-04-28,2026-04-01,SER,Madison Palms,No,1699.2244898,,,,,,,,,,,,,,,,,,2026_04_29_11_40_RISE_Sereno_Market.xlsx
2026-04-28,2026-04-01,SER,Wildgrass,No,1682,,,,,,,,,,,,,,,,,,2026_04_29_11_40_RISE_Sereno_Market.xlsx
2026-04-28,2026-04-01,SER,Asking Rent / Sq Ft,No,,,,,,,,,,,,,,,,,,,2026_04_29_11_40_RISE_Sereno_Market.xlsx
2026-04-28,2026-04-01,SER,Property,No,Asking Rent / Sq Ft,,,,,,,,,,,,,,,,,,2026_04_29_11_40_RISE_Sereno_Market.xlsx
2026-04-28,2026-04-01,SER,Avilla Cypress Creek,No,2.32845634404,,,,,,,,,,,,,,,,,,2026_04_29_11_40_RISE_Sereno_Market.xlsx
2026-04-28,2026-04-01,SER,The Parian,No,2.14168415603,,,,,,,,,,,,,,,,,,2026_04_29_11_40_RISE_Sereno_Market.xlsx
2026-04-28,2026-04-01,SER,Tapestry East Bay Apartments,No,2.06539534047,,,,,,,,,,,,,,,,,,2026_04_29_11_40_RISE_Sereno_Market.xlsx
2026-04-28,2026-04-01,SER,Tapestry Big Bend,No,2.06167558999,,,,,,,,,,,,,,,,,,2026_04_29_11_40_RISE_Sereno_Market.xlsx
2026-04-28,2026-04-01,SER,The Whitt,No,2.05927191149,,,,,,,,,,,,,,,,,,2026_04_29_11_40_RISE_Sereno_Market.xlsx
2026-04-28,2026-04-01,SER,Citizen at Waterset,No,1.96439393939,,,,,,,,,,,,,,,,,,2026_04_29_11_40_RISE_Sereno_Market.xlsx
2026-04-28,2026-04-01,SER,Ridley at Waterset,No,1.94465839699,,,,,,,,,,,,,,,,,,2026_04_29_11_40_RISE_Sereno_Market.xlsx
2026-04-28,2026-04-01,SER,Lola,No,1.85379672897,,,,,,,,,,,,,,,,,,2026_04_29_11_40_RISE_Sereno_Market.xlsx
2026-04-28,2026-04-01,SER,RISE Sereno,Yes,1.82729626809,,,,,,,,,,,,,,,,,,2026_04_29_11_40_RISE_Sereno_Market.xlsx
2026-04-28,2026-04-01,SER,Madison Palms,No,1.79073468685,,,,,,,,,,,,,,,,,,2026_04_29_11_40_RISE_Sereno_Market.xlsx
2026-04-28,2026-04-01,SER,Wildgrass,No,1.73581011352,,,,,,,,,,,,,,,,,,2026_04_29_11_40_RISE_Sereno_Market.xlsx
2026-04-28,2026-04-01,SER,Shadetree,No,1.70321674111,,,,,,,,,,,,,,,,,,2026_04_29_11_40_RISE_Sereno_Market.xlsx
2026-04-28,2026-04-01,SER,The Easton Riverview,No,1.69912376212,,,,,,,,,,,,,,,,,,2026_04_29_11_40_RISE_Sereno_Market.xlsx
2026-04-28,2026-04-01,SER,Skymor Southshore Bay,No,1.58149813896,,,,,,,,,,,,,,,,,,2026_04_29_11_40_RISE_Sereno_Market.xlsx
2026-04-28,2026-04-01,SER,Balcara 301 at Sun City,No,1.41444766973,,,,,,,,,,,,,,,,,,2026_04_29_11_40_RISE_Sereno_Market.xlsx
2026-04-28,2026-04-01,SER,Beacon at Arbours,No,1.40816326531,,,,,,,,,,,,,,,,,,2026_04_29_11_40_RISE_Sereno_Market.xlsx
2026-04-28,2026-04-01,SER,Effective Rent,No,,,,,,,,,,,,,,,,,,,2026_04_29_11_40_RISE_Sereno_Market.xlsx
2026-04-28,2026-04-01,SER,Property,No,Effective Rent,,,,,,,,,,,,,,,,,,2026_04_29_11_40_RISE_Sereno_Market.xlsx
2026-04-28,2026-04-01,SER,Skymor Southshore Bay,No,2071.87333333,,,,,,,,,,,,,,,,,,2026_04_29_11_40_RISE_Sereno_Market.xlsx
2026-04-28,2026-04-01,SER,Balcara 301 at Sun City,No,2001.755,,,,,,,,,,,,,,,,,,2026_04_29_11_40_RISE_Sereno_Market.xlsx
2026-04-28,2026-04-01,SER,Beacon at Arbours,No,2001,,,,,,,,,,,,,,,,,,2026_04_29_11_40_RISE_Sereno_Market.xlsx
2026-04-28,2026-04-01,SER,The Easton Riverview,No,1927.70588235,,,,,,,,,,,,,,,,,,2026_04_29_11_40_RISE_Sereno_Market.xlsx
2026-04-28,2026-04-01,SER,The Parian,No,1847.88777778,,,,,,,,,,,,,,,,,,2026_04_29_11_40_RISE_Sereno_Market.xlsx
2026-04-28,2026-04-01,SER,Avilla Cypress Creek,No,1751.52631579,,,,,,,,,,,,,,,,,,2026_04_29_11_40_RISE_Sereno_Market.xlsx
2026-04-28,2026-04-01,SER,Ridley at Waterset,No,1731.06818182,,,,,,,,,,,,,,,,,,2026_04_29_11_40_RISE_Sereno_Market.xlsx
2026-04-28,2026-04-01,SER,The Whitt,No,1726.07692308,,,,,,,,,,,,,,,,,,2026_04_29_11_40_RISE_Sereno_Market.xlsx
2026-04-28,2026-04-01,SER,Tapestry Big Bend,No,1641.25714286,,,,,,,,,,,,,,,,,,2026_04_29_11_40_RISE_Sereno_Market.xlsx
2026-04-28,2026-04-01,SER,Tapestry East Bay Apartments,No,1640.2,,,,,,,,,,,,,,,,,,2026_04_29_11_40_RISE_Sereno_Market.xlsx
2026-04-28,2026-04-01,SER,Shadetree,No,1571.33333333,,,,,,,,,,,,,,,,,,2026_04_29_11_40_RISE_Sereno_Market.xlsx
2026-04-28,2026-04-01,SER,Wildgrass,No,1541.85,,,,,,,,,,,,,,,,,,2026_04_29_11_40_RISE_Sereno_Market.xlsx
2026-04-28,2026-04-01,SER,Lola,No,1469.33333333,,,,,,,,,,,,,,,,,,2026_04_29_11_40_RISE_Sereno_Market.xlsx
2026-04-28,2026-04-01,SER,Citizen at Waterset,No,1371.14814815,,,,,,,,,,,,,,,,,,2026_04_29_11_40_RISE_Sereno_Market.xlsx
2026-04-28,2026-04-01,SER,Madison Palms,No,1300.67346939,,,,,,,,,,,,,,,,,,2026_04_29_11_40_RISE_Sereno_Market.xlsx
2026-04-28,2026-04-01,SER,RISE Sereno,Yes,1202.46875,,,,,,,,,,,,,,,,,,2026_04_29_11_40_RISE_Sereno_Market.xlsx
2026-04-28,2026-04-01,SER,Effective Rent / Sq Ft,No,,,,,,,,,,,,,,,,,,,2026_04_29_11_40_RISE_Sereno_Market.xlsx
2026-04-28,2026-04-01,SER,Property,No,Effective Rent / Sq Ft,,,,,,,,,,,,,,,,,,2026_04_29_11_40_RISE_Sereno_Market.xlsx
2026-04-28,2026-04-01,SER,The Parian,No,2.18666666667,,,,,,,,,,,,,,,,,,2026_04_29_11_40_RISE_Sereno_Market.xlsx
2026-04-28,2026-04-01,SER,Avilla Cypress Creek,No,1.9712711764,,,,,,,,,,,,,,,,,,2026_04_29_11_40_RISE_Sereno_Market.xlsx
2026-04-28,2026-04-01,SER,Tapestry East Bay Apartments,No,1.72129771221,,,,,,,,,,,,,,,,,,2026_04_29_11_40_RISE_Sereno_Market.xlsx
2026-04-28,2026-04-01,SER,Tapestry Big Bend,No,1.71818263392,,,,,,,,,,,,,,,,,,2026_04_29_11_40_RISE_Sereno_Market.xlsx
2026-04-28,2026-04-01,SER,The Whitt,No,1.71613215724,,,,,,,,,,,,,,,,,,2026_04_29_11_40_RISE_Sereno_Market.xlsx
2026-04-28,2026-04-01,SER,The Easton Riverview,No,1.69912376212,,,,,,,,,,,,,,,,,,2026_04_29_11_40_RISE_Sereno_Market.xlsx
2026-04-28,2026-04-01,SER,Ridley at Waterset,No,1.62060894913,,,,,,,,,,,,,,,,,,2026_04_29_11_40_RISE_Sereno_Market.xlsx
2026-04-28,2026-04-01,SER,Wildgrass,No,1.59117647059,,,,,,,,,,,,,,,,,,2026_04_29_11_40_RISE_Sereno_Market.xlsx
2026-04-28,2026-04-01,SER,Lola,No,1.54485981308,,,,,,,,,,,,,,,,,,2026_04_29_11_40_RISE_Sereno_Market.xlsx
2026-04-28,2026-04-01,SER,Shadetree,No,1.4193807397,,,,,,,,,,,,,,,,,,2026_04_29_11_40_RISE_Sereno_Market.xlsx
2026-04-28,2026-04-01,SER,Balcara 301 at Sun City,No,1.415,,,,,,,,,,,,,,,,,,2026_04_29_11_40_RISE_Sereno_Market.xlsx
2026-04-28,2026-04-01,SER,Beacon at Arbours,No,1.40816326531,,,,,,,,,,,,,,,,,,2026_04_29_11_40_RISE_Sereno_Market.xlsx
2026-04-28,2026-04-01,SER,Madison Palms,No,1.37072006194,,,,,,,,,,,,,,,,,,2026_04_29_11_40_RISE_Sereno_Market.xlsx
2026-04-28,2026-04-01,SER,Skymor Southshore Bay,No,1.33883460849,,,,,,,,,,,,,,,,,,2026_04_29_11_40_RISE_Sereno_Market.xlsx
2026-04-28,2026-04-01,SER,Citizen at Waterset,No,1.33553391053,,,,,,,,,,,,,,,,,,2026_04_29_11_40_RISE_Sereno_Market.xlsx
2026-04-28,2026-04-01,SER,RISE Sereno,Yes,1.17224676314,,,,,,,,,,,,,,,,,,2026_04_29_11_40_RISE_Sereno_Market.xlsx
2026-04-28,2026-04-01,SER,Sq Ft,No,,,,,,,,,,,,,,,,,,,2026_04_29_11_40_RISE_Sereno_Market.xlsx
2026-04-28,2026-04-01,SER,Property,No,Sq Ft,,,,,,,,,,,,,,,,,,2026_04_29_11_40_RISE_Sereno_Market.xlsx
2026-04-28,2026-04-01,SER,Balcara 301 at Sun City,No,1550.25,,,,,,,,,,,,,,,,,,2026_04_29_11_40_RISE_Sereno_Market.xlsx
2026-04-28,2026-04-01,SER,Skymor Southshore Bay,No,1547.52,,,,,,,,,,,,,,,,,,2026_04_29_11_40_RISE_Sereno_Market.xlsx
2026-04-28,2026-04-01,SER,Beacon at Arbours,No,1421,,,,,,,,,,,,,,,,,,2026_04_29_11_40_RISE_Sereno_Market.xlsx
2026-04-28,2026-04-01,SER,The Easton Riverview,No,1134.52941176,,,,,,,,,,,,,,,,,,2026_04_29_11_40_RISE_Sereno_Market.xlsx
2026-04-28,2026-04-01,SER,Shadetree,No,1107.05555556,,,,,,,,,,,,,,,,,,2026_04_29_11_40_RISE_Sereno_Market.xlsx
2026-04-28,2026-04-01,SER,Ridley at Waterset,No,1068.15909091,,,,,,,,,,,,,,,,,,2026_04_29_11_40_RISE_Sereno_Market.xlsx
2026-04-28,2026-04-01,SER,The Parian,No,1038.72666667,,,,,,,,,,,,,,,,,,2026_04_29_11_40_RISE_Sereno_Market.xlsx
2026-04-28,2026-04-01,SER,Citizen at Waterset,No,1026.66666667,,,,,,,,,,,,,,,,,,2026_04_29_11_40_RISE_Sereno_Market.xlsx
2026-04-28,2026-04-01,SER,RISE Sereno,Yes,1025.78125,,,,,,,,,,,,,,,,,,2026_04_29_11_40_RISE_Sereno_Market.xlsx
2026-04-28,2026-04-01,SER,The Whitt,No,1005.79487179,,,,,,,,,,,,,,,,,,2026_04_29_11_40_RISE_Sereno_Market.xlsx
2026-04-28,2026-04-01,SER,Wildgrass,No,969,,,,,,,,,,,,,,,,,,2026_04_29_11_40_RISE_Sereno_Market.xlsx
2026-04-28,2026-04-01,SER,Tapestry Big Bend,No,955.228571429,,,,,,,,,,,,,,,,,,2026_04_29_11_40_RISE_Sereno_Market.xlsx
2026-04-28,2026-04-01,SER,Tapestry East Bay Apartments,No,952.885714286,,,,,,,,,,,,,,,,,,2026_04_29_11_40_RISE_Sereno_Market.xlsx
2026-04-28,2026-04-01,SER,Lola,No,951.111111111,,,,,,,,,,,,,,,,,,2026_04_29_11_40_RISE_Sereno_Market.xlsx
2026-04-28,2026-04-01,SER,Madison Palms,No,948.897959184,,,,,,,,,,,,,,,,,,2026_04_29_11_40_RISE_Sereno_Market.xlsx
2026-04-28,2026-04-01,SER,Avilla Cypress Creek,No,888.526315789,,,,,,,,,,,,,,,,,,2026_04_29_11_40_RISE_Sereno_Market.xlsx
2026-04-28,2026-04-01,SER,Concessions,No,,,,,,,,,,,,,,,,,,,2026_04_29_11_40_RISE_Sereno_Market.xlsx
2026-04-28,2026-04-01,SER,Property,No,Concessions,,,,,,,,,,,,,,,,,,2026_04_29_11_40_RISE_Sereno_Market.xlsx
2026-04-28,2026-04-01,SER,RISE Sereno,Yes,8062.34375,,,,,,,,,,,,,,,,,,2026_04_29_11_40_RISE_Sereno_Market.xlsx
2026-04-28,2026-04-01,SER,Citizen at Waterset,No,7746.25925926,,,,,,,,,,,,,,,,,,2026_04_29_11_40_RISE_Sereno_Market.xlsx
2026-04-28,2026-04-01,SER,Madison Palms,No,4781.71428571,,,,,,,,,,,,,,,,,,2026_04_29_11_40_RISE_Sereno_Market.xlsx
2026-04-28,2026-04-01,SER,Skymor Southshore Bay,No,4505.46666667,,,,,,,,,,,,,,,,,,2026_04_29_11_40_RISE_Sereno_Market.xlsx
2026-04-28,2026-04-01,SER,Ridley at Waterset,No,4154.40909091,,,,,,,,,,,,,,,,,,2026_04_29_11_40_RISE_Sereno_Market.xlsx
2026-04-28,2026-04-01,SER,The Whitt,No,4142.41025641,,,,,,,,,,,,,,,,,,2026_04_29_11_40_RISE_Sereno_Market.xlsx
2026-04-28,2026-04-01,SER,Tapestry Big Bend,No,3938.74285714,,,,,,,,,,,,,,,,,,2026_04_29_11_40_RISE_Sereno_Market.xlsx
2026-04-28,2026-04-01,SER,Tapestry East Bay Apartments,No,3936.17142857,,,,,,,,,,,,,,,,,,2026_04_29_11_40_RISE_Sereno_Market.xlsx
2026-04-28,2026-04-01,SER,Avilla Cypress Creek,No,3808.78947368,,,,,,,,,,,,,,,,,,2026_04_29_11_40_RISE_Sereno_Market.xlsx
2026-04-28,2026-04-01,SER,Shadetree,No,3771.11111111,,,,,,,,,,,,,,,,,,2026_04_29_11_40_RISE_Sereno_Market.xlsx
2026-04-28,2026-04-01,SER,Lola,No,3526.33333333,,,,,,,,,,,,,,,,,,2026_04_29_11_40_RISE_Sereno_Market.xlsx
2026-04-28,2026-04-01,SER,Wildgrass,No,1682,,,,,,,,,,,,,,,,,,2026_04_29_11_40_RISE_Sereno_Market.xlsx
2026-04-28,2026-04-01,SER,The Parian,No,,,,,,,,,,,,,,,,,,,2026_04_29_11_40_RISE_Sereno_Market.xlsx
2026-04-28,2026-04-01,SER,Beacon at Arbours,No,0,,,,,,,,,,,,,,,,,,2026_04_29_11_40_RISE_Sereno_Market.xlsx
2026-04-28,2026-04-01,SER,The Easton Riverview,No,0,,,,,,,,,,,,,,,,,,2026_04_29_11_40_RISE_Sereno_Market.xlsx
2026-04-28,2026-04-01,SER,Balcara 301 at Sun City,No,,,,,,,,,,,,,,,,,,,2026_04_29_11_40_RISE_Sereno_Market.xlsx
2026-04-28,2026-04-01,SER,Concession %,No,,,,,,,,,,,,,,,,,,,2026_04_29_11_40_RISE_Sereno_Market.xlsx
2026-04-28,2026-04-01,SER,Property,No,Concession %,,,,,,,,,,,,,,,,,,2026_04_29_11_40_RISE_Sereno_Market.xlsx
2026-04-28,2026-04-01,SER,RISE Sereno,Yes,0.358480185392,,,,,,,,,,,,,,,,,,2026_04_29_11_40_RISE_Sereno_Market.xlsx
2026-04-28,2026-04-01,SER,Citizen at Waterset,No,0.320129285806,,,,,,,,,,,,,,,,,,2026_04_29_11_40_RISE_Sereno_Market.xlsx
2026-04-28,2026-04-01,SER,Madison Palms,No,0.23454877375,,,,,,,,,,,,,,,,,,2026_04_29_11_40_RISE_Sereno_Market.xlsx
2026-04-28,2026-04-01,SER,Lola,No,0.166650912185,,,,,,,,,,,,,,,,,,2026_04_29_11_40_RISE_Sereno_Market.xlsx
2026-04-28,2026-04-01,SER,Shadetree,No,0.16664702416,,,,,,,,,,,,,,,,,,2026_04_29_11_40_RISE_Sereno_Market.xlsx
2026-04-28,2026-04-01,SER,Ridley at Waterset,No,0.166635666379,,,,,,,,,,,,,,,,,,2026_04_29_11_40_RISE_Sereno_Market.xlsx
2026-04-28,2026-04-01,SER,The Whitt,No,0.166631590676,,,,,,,,,,,,,,,,,,2026_04_29_11_40_RISE_Sereno_Market.xlsx
2026-04-28,2026-04-01,SER,Tapestry Big Bend,No,0.166608635097,,,,,,,,,,,,,,,,,,2026_04_29_11_40_RISE_Sereno_Market.xlsx
2026-04-28,2026-04-01,SER,Tapestry East Bay Apartments,No,0.166601338502,,,,,,,,,,,,,,,,,,2026_04_29_11_40_RISE_Sereno_Market.xlsx
2026-04-28,2026-04-01,SER,Skymor Southshore Bay,No,0.153439023726,,,,,,,,,,,,,,,,,,2026_04_29_11_40_RISE_Sereno_Market.xlsx
2026-04-28,2026-04-01,SER,Avilla Cypress Creek,No,0.153399984736,,,,,,,,,,,,,,,,,,2026_04_29_11_40_RISE_Sereno_Market.xlsx
2026-04-28,2026-04-01,SER,Wildgrass,No,0.0833234244946,,,,,,,,,,,,,,,,,,2026_04_29_11_40_RISE_Sereno_Market.xlsx
2026-04-28,2026-04-01,SER,The Parian,No,,,,,,,,,,,,,,,,,,,2026_04_29_11_40_RISE_Sereno_Market.xlsx
2026-04-28,2026-04-01,SER,Beacon at Arbours,No,0,,,,,,,,,,,,,,,,,,2026_04_29_11_40_RISE_Sereno_Market.xlsx
2026-04-28,2026-04-01,SER,The Easton Riverview,No,0,,,,,,,,,,,,,,,,,,2026_04_29_11_40_RISE_Sereno_Market.xlsx
2026-04-28,2026-04-01,SER,Balcara 301 at Sun City,No,,,,,,,,,,,,,,,,,,,2026_04_29_11_40_RISE_Sereno_Market.xlsx
2026-04-28,2026-04-01,SER,Total Avail. Units,No,,,,,,,,,,,,,,,,,,,2026_04_29_11_40_RISE_Sereno_Market.xlsx
2026-04-28,2026-04-01,SER,Property,No,Total Avail. Units,,,,,,,,,,,,,,,,,,2026_04_29_11_40_RISE_Sereno_Market.xlsx
2026-04-28,2026-04-01,SER,Skymor Southshore Bay,No,150,,,,,,,,,,,,,,,,,,2026_04_29_11_40_RISE_Sereno_Market.xlsx
2026-04-28,2026-04-01,SER,Madison Palms,No,49,,,,,,,,,,,,,,,,,,2026_04_29_11_40_RISE_Sereno_Market.xlsx
2026-04-28,2026-04-01,SER,Ridley at Waterset,No,44,,,,,,,,,,,,,,,,,,2026_04_29_11_40_RISE_Sereno_Market.xlsx
2026-04-28,2026-04-01,SER,The Whitt,No,39,,,,,,,,,,,,,,,,,,2026_04_29_11_40_RISE_Sereno_Market.xlsx
2026-04-28,2026-04-01,SER,Shadetree,No,36,,,,,,,,,,,,,,,,,,2026_04_29_11_40_RISE_Sereno_Market.xlsx
2026-04-28,2026-04-01,SER,Tapestry Big Bend,No,35,,,,,,,,,,,,,,,,,,2026_04_29_11_40_RISE_Sereno_Market.xlsx
2026-04-28,2026-04-01,SER,Tapestry East Bay Apartments,No,35,,,,,,,,,,,,,,,,,,2026_04_29_11_40_RISE_Sereno_Market.xlsx
2026-04-28,2026-04-01,SER,RISE Sereno,Yes,32,,,,,,,,,,,,,,,,,,2026_04_29_11_40_RISE_Sereno_Market.xlsx
2026-04-28,2026-04-01,SER,Citizen at Waterset,No,27,,,,,,,,,,,,,,,,,,2026_04_29_11_40_RISE_Sereno_Market.xlsx
2026-04-28,2026-04-01,SER,Wildgrass,No,20,,,,,,,,,,,,,,,,,,2026_04_29_11_40_RISE_Sereno_Market.xlsx
2026-04-28,2026-04-01,SER,Avilla Cypress Creek,No,19,,,,,,,,,,,,,,,,,,2026_04_29_11_40_RISE_Sereno_Market.xlsx
2026-04-28,2026-04-01,SER,Lola,No,18,,,,,,,,,,,,,,,,,,2026_04_29_11_40_RISE_Sereno_Market.xlsx
2026-04-28,2026-04-01,SER,The Easton Riverview,No,17,,,,,,,,,,,,,,,,,,2026_04_29_11_40_RISE_Sereno_Market.xlsx
2026-04-28,2026-04-01,SER,Beacon at Arbours,No,6,,,,,,,,,,,,,,,,,,2026_04_29_11_40_RISE_Sereno_Market.xlsx
2026-04-28,2026-04-01,SER,The Parian,No,5,,,,,,,,,,,,,,,,,,2026_04_29_11_40_RISE_Sereno_Market.xlsx
2026-04-28,2026-04-01,SER,Balcara 301 at Sun City,No,0,,,,,,,,,,,,,,,,,,2026_04_29_11_40_RISE_Sereno_Market.xlsx
2026-04-28,2026-04-01,SER,Exposure %,No,,,,,,,,,,,,,,,,,,,2026_04_29_11_40_RISE_Sereno_Market.xlsx
2026-04-28,2026-04-01,SER,Property,No,Exposure %,,,,,,,,,,,,,,,,,,2026_04_29_11_40_RISE_Sereno_Market.xlsx
2026-04-28,2026-04-01,SER,Skymor Southshore Bay,No,0.765306122449,,,,,,,,,,,,,,,,,,2026_04_29_11_40_RISE_Sereno_Market.xlsx
2026-04-28,2026-04-01,SER,The Whitt,No,0.184834123223,,,,,,,,,,,,,,,,,,2026_04_29_11_40_RISE_Sereno_Market.xlsx
2026-04-28,2026-04-01,SER,Madison Palms,No,0.154574132492,,,,,,,,,,,,,,,,,,2026_04_29_11_40_RISE_Sereno_Market.xlsx
2026-04-28,2026-04-01,SER,Shadetree,No,0.138461538462,,,,,,,,,,,,,,,,,,2026_04_29_11_40_RISE_Sereno_Market.xlsx
2026-04-28,2026-04-01,SER,Citizen at Waterset,No,0.114406779661,,,,,,,,,,,,,,,,,,2026_04_29_11_40_RISE_Sereno_Market.xlsx
2026-04-28,2026-04-01,SER,Avilla Cypress Creek,No,0.113095238095,,,,,,,,,,,,,,,,,,2026_04_29_11_40_RISE_Sereno_Market.xlsx
2026-04-28,2026-04-01,SER,Ridley at Waterset,No,0.11,,,,,,,,,,,,,,,,,,2026_04_29_11_40_RISE_Sereno_Market.xlsx
2026-04-28,2026-04-01,SER,Tapestry Big Bend,No,0.102040816327,,,,,,,,,,,,,,,,,,2026_04_29_11_40_RISE_Sereno_Market.xlsx
2026-04-28,2026-04-01,SER,Tapestry East Bay Apartments,No,0.102040816327,,,,,,,,,,,,,,,,,,2026_04_29_11_40_RISE_Sereno_Market.xlsx
2026-04-28,2026-04-01,SER,RISE Sereno,Yes,0.1,,,,,,,,,,,,,,,,,,2026_04_29_11_40_RISE_Sereno_Market.xlsx
2026-04-28,2026-04-01,SER,Lola,No,0.0681818181818,,,,,,,,,,,,,,,,,,2026_04_29_11_40_RISE_Sereno_Market.xlsx
2026-04-28,2026-04-01,SER,Wildgrass,No,0.0625,,,,,,,,,,,,,,,,,,2026_04_29_11_40_RISE_Sereno_Market.xlsx
2026-04-28,2026-04-01,SER,The Easton Riverview,No,0.0566666666667,,,,,,,,,,,,,,,,,,2026_04_29_11_40_RISE_Sereno_Market.xlsx
2026-04-28,2026-04-01,SER,Beacon at Arbours,No,0.0454545454545,,,,,,,,,,,,,,,,,,2026_04_29_11_40_RISE_Sereno_Market.xlsx
2026-04-28,2026-04-01,SER,The Parian,No,,,,,,,,,,,,,,,,,,,2026_04_29_11_40_RISE_Sereno_Market.xlsx
2026-04-28,2026-04-01,SER,Balcara 301 at Sun City,No,,,,,,,,,,,,,,,,,,,2026_04_29_11_40_RISE_Sereno_Market.xlsx
2026-04-28,2026-04-01,SER,Leased %,No,,,,,,,,,,,,,,,,,,,2026_04_29_11_40_RISE_Sereno_Market.xlsx
2026-04-28,2026-04-01,SER,Property,No,Leased %,,,,,,,,,,,,,,,,,,2026_04_29_11_40_RISE_Sereno_Market.xlsx
2026-04-28,2026-04-01,SER,Balcara 301 at Sun City,No,1,,,,,,,,,,,,,,,,,,2026_04_29_11_40_RISE_Sereno_Market.xlsx
2026-04-28,2026-04-01,SER,The Parian,No,0.988980716253,,,,,,,,,,,,,,,,,,2026_04_29_11_40_RISE_Sereno_Market.xlsx
2026-04-28,2026-04-01,SER,Beacon at Arbours,No,0.962121212121,,,,,,,,,,,,,,,,,,2026_04_29_11_40_RISE_Sereno_Market.xlsx
2026-04-28,2026-04-01,SER,Citizen at Waterset,No,0.957627118644,,,,,,,,,,,,,,,,,,2026_04_29_11_40_RISE_Sereno_Market.xlsx
2026-04-28,2026-04-01,SER,The Easton Riverview,No,0.956666666667,,,,,,,,,,,,,,,,,,2026_04_29_11_40_RISE_Sereno_Market.xlsx
2026-04-28,2026-04-01,SER,Wildgrass,No,0.95,,,,,,,,,,,,,,,,,,2026_04_29_11_40_RISE_Sereno_Market.xlsx
2026-04-28,2026-04-01,SER,Tapestry Big Bend,No,0.944606413994,,,,,,,,,,,,,,,,,,2026_04_29_11_40_RISE_Sereno_Market.xlsx
2026-04-28,2026-04-01,SER,Tapestry East Bay Apartments,No,0.941690962099,,,,,,,,,,,,,,,,,,2026_04_29_11_40_RISE_Sereno_Market.xlsx
2026-04-28,2026-04-01,SER,Lola,No,0.939393939394,,,,,,,,,,,,,,,,,,2026_04_29_11_40_RISE_Sereno_Market.xlsx
2026-04-28,2026-04-01,SER,Ridley at Waterset,No,0.935,,,,,,,,,,,,,,,,,,2026_04_29_11_40_RISE_Sereno_Market.xlsx
2026-04-28,2026-04-01,SER,Avilla Cypress Creek,No,0.922619047619,,,,,,,,,,,,,,,,,,2026_04_29_11_40_RISE_Sereno_Market.xlsx
2026-04-28,2026-04-01,SER,RISE Sereno,Yes,0.90625,,,,,,,,,,,,,,,,,,2026_04_29_11_40_RISE_Sereno_Market.xlsx
2026-04-28,2026-04-01,SER,Shadetree,No,0.884615384615,,,,,,,,,,,,,,,,,,2026_04_29_11_40_RISE_Sereno_Market.xlsx
2026-04-28,2026-04-01,SER,Madison Palms,No,0.845425867508,,,,,,,,,,,,,,,,,,2026_04_29_11_40_RISE_Sereno_Market.xlsx
2026-04-28,2026-04-01,SER,The Whitt,No,0.767772511848,,,,,,,,,,,,,,,,,,2026_04_29_11_40_RISE_Sereno_Market.xlsx
2026-04-28,2026-04-01,SER,Skymor Southshore Bay,No,0.219387755102,,,,,,,,,,,,,,,,,,2026_04_29_11_40_RISE_Sereno_Market.xlsx
2026-04-28,2026-04-01,SER,Applications Last 7 Days,No,,,,,,,,,,,,,,,,,,,2026_04_29_11_40_RISE_Sereno_Market.xlsx
2026-04-28,2026-04-01,SER,Property,No,Applications Last 7 Days,,,,,,,,,,,,,,,,,,2026_04_29_11_40_RISE_Sereno_Market.xlsx
2026-04-28,2026-04-01,SER,Wildgrass,No,32,,,,,,,,,,,,,,,,,,2026_04_29_11_40_RISE_Sereno_Market.xlsx
2026-04-28,2026-04-01,SER,Madison Palms,No,15,,,,,,,,,,,,,,,,,,2026_04_29_11_40_RISE_Sereno_Market.xlsx
2026-04-28,2026-04-01,SER,Lola,No,9,,,,,,,,,,,,,,,,,,2026_04_29_11_40_RISE_Sereno_Market.xlsx
2026-04-28,2026-04-01,SER,RISE Sereno,Yes,9,,,,,,,,,,,,,,,,,,2026_04_29_11_40_RISE_Sereno_Market.xlsx
2026-04-28,2026-04-01,SER,The Whitt,No,8,,,,,,,,,,,,,,,,,,2026_04_29_11_40_RISE_Sereno_Market.xlsx
2026-04-28,2026-04-01,SER,Tapestry East Bay Apartments,No,5,,,,,,,,,,,,,,,,,,2026_04_29_11_40_RISE_Sereno_Market.xlsx
2026-04-28,2026-04-01,SER,Ridley at Waterset,No,5,,,,,,,,,,,,,,,,,,2026_04_29_11_40_RISE_Sereno_Market.xlsx
2026-04-28,2026-04-01,SER,Shadetree,No,5,,,,,,,,,,,,,,,,,,2026_04_29_11_40_RISE_Sereno_Market.xlsx
2026-04-28,2026-04-01,SER,The Easton Riverview,No,4,,,,,,,,,,,,,,,,,,2026_04_29_11_40_RISE_Sereno_Market.xlsx
2026-04-28,2026-04-01,SER,Skymor Southshore Bay,No,3,,,,,,,,,,,,,,,,,,2026_04_29_11_40_RISE_Sereno_Market.xlsx
2026-04-28,2026-04-01,SER,Tapestry Big Bend,No,2,,,,,,,,,,,,,,,,,,2026_04_29_11_40_RISE_Sereno_Market.xlsx
2026-04-28,2026-04-01,SER,Avilla Cypress Creek,No,2,,,,,,,,,,,,,,,,,,2026_04_29_11_40_RISE_Sereno_Market.xlsx
2026-04-28,2026-04-01,SER,Citizen at Waterset,No,1,,,,,,,,,,,,,,,,,,2026_04_29_11_40_RISE_Sereno_Market.xlsx
2026-04-28,2026-04-01,SER,Beacon at Arbours,No,1,,,,,,,,,,,,,,,,,,2026_04_29_11_40_RISE_Sereno_Market.xlsx
2026-04-28,2026-04-01,SER,The Parian,No,,,,,,,,,,,,,,,,,,,2026_04_29_11_40_RISE_Sereno_Market.xlsx
2026-04-28,2026-04-01,SER,Balcara 301 at Sun City,No,,,,,,,,,,,,,,,,,,,2026_04_29_11_40_RISE_Sereno_Market.xlsx
2026-04-28,2026-04-01,SER,Applications Last 30 Days,No,,,,,,,,,,,,,,,,,,,2026_04_29_11_40_RISE_Sereno_Market.xlsx
2026-04-28,2026-04-01,SER,Property,No,Applications Last 30 Days,,,,,,,,,,,,,,,,,,2026_04_29_11_40_RISE_Sereno_Market.xlsx
2026-04-28,2026-04-01,SER,RISE Sereno,Yes,50,,,,,,,,,,,,,,,,,,2026_04_29_11_40_RISE_Sereno_Market.xlsx
2026-04-28,2026-04-01,SER,Lola,No,45,,,,,,,,,,,,,,,,,,2026_04_29_11_40_RISE_Sereno_Market.xlsx
2026-04-28,2026-04-01,SER,Wildgrass,No,40,,,,,,,,,,,,,,,,,,2026_04_29_11_40_RISE_Sereno_Market.xlsx
2026-04-28,2026-04-01,SER,The Whitt,No,28,,,,,,,,,,,,,,,,,,2026_04_29_11_40_RISE_Sereno_Market.xlsx
2026-04-28,2026-04-01,SER,Shadetree,No,27,,,,,,,,,,,,,,,,,,2026_04_29_11_40_RISE_Sereno_Market.xlsx
2026-04-28,2026-04-01,SER,Madison Palms,No,24,,,,,,,,,,,,,,,,,,2026_04_29_11_40_RISE_Sereno_Market.xlsx
2026-04-28,2026-04-01,SER,Ridley at Waterset,No,23,,,,,,,,,,,,,,,,,,2026_04_29_11_40_RISE_Sereno_Market.xlsx
2026-04-28,2026-04-01,SER,Tapestry East Bay Apartments,No,20,,,,,,,,,,,,,,,,,,2026_04_29_11_40_RISE_Sereno_Market.xlsx
2026-04-28,2026-04-01,SER,Tapestry Big Bend,No,14,,,,,,,,,,,,,,,,,,2026_04_29_11_40_RISE_Sereno_Market.xlsx
2026-04-28,2026-04-01,SER,Skymor Southshore Bay,No,14,,,,,,,,,,,,,,,,,,2026_04_29_11_40_RISE_Sereno_Market.xlsx
2026-04-28,2026-04-01,SER,Avilla Cypress Creek,No,10,,,,,,,,,,,,,,,,,,2026_04_29_11_40_RISE_Sereno_Market.xlsx
2026-04-28,2026-04-01,SER,Citizen at Waterset,No,9,,,,,,,,,,,,,,,,,,2026_04_29_11_40_RISE_Sereno_Market.xlsx
2026-04-28,2026-04-01,SER,The Easton Riverview,No,8,,,,,,,,,,,,,,,,,,2026_04_29_11_40_RISE_Sereno_Market.xlsx
2026-04-28,2026-04-01,SER,Beacon at Arbours,No,6,,,,,,,,,,,,,,,,,,2026_04_29_11_40_RISE_Sereno_Market.xlsx
2026-04-28,2026-04-01,SER,The Parian,No,,,,,,,,,,,,,,,,,,,2026_04_29_11_40_RISE_Sereno_Market.xlsx
2026-04-28,2026-04-01,SER,Balcara 301 at Sun City,No,,,,,,,,,,,,,,,,,,,2026_04_29_11_40_RISE_Sereno_Market.xlsx
2026-04-28,2026-04-01,SER,Total Leased Units,No,,,,,,,,,,,,,,,,,,,2026_04_29_11_40_RISE_Sereno_Market.xlsx
2026-04-28,2026-04-01,SER,Property,No,Total Leased Units,,,,,,,,,,,,,,,,,,2026_04_29_11_40_RISE_Sereno_Market.xlsx
2026-04-28,2026-04-01,SER,Citizen at Waterset,No,2,,,,,,,,,,,,,,,,,,2026_04_29_11_40_RISE_Sereno_Market.xlsx
2026-04-28,2026-04-01,SER,Ridley at Waterset,No,2,,,,,,,,,,,,,,,,,,2026_04_29_11_40_RISE_Sereno_Market.xlsx
2026-04-28,2026-04-01,SER,Shadetree,No,2,,,,,,,,,,,,,,,,,,2026_04_29_11_40_RISE_Sereno_Market.xlsx
2026-04-28,2026-04-01,SER,RISE Sereno,Yes,1,,,,,,,,,,,,,,,,,,2026_04_29_11_40_RISE_Sereno_Market.xlsx
2026-04-28,2026-04-01,SER,Tapestry Big Bend,No,0,,,,,,,,,,,,,,,,,,2026_04_29_11_40_RISE_Sereno_Market.xlsx
2026-04-28,2026-04-01,SER,Tapestry East Bay Apartments,No,0,,,,,,,,,,,,,,,,,,2026_04_29_11_40_RISE_Sereno_Market.xlsx
2026-04-28,2026-04-01,SER,The Whitt,No,0,,,,,,,,,,,,,,,,,,2026_04_29_11_40_RISE_Sereno_Market.xlsx
2026-04-28,2026-04-01,SER,Lola,No,0,,,,,,,,,,,,,,,,,,2026_04_29_11_40_RISE_Sereno_Market.xlsx
2026-04-28,2026-04-01,SER,Wildgrass,No,0,,,,,,,,,,,,,,,,,,2026_04_29_11_40_RISE_Sereno_Market.xlsx
2026-04-28,2026-04-01,SER,The Parian,No,,,,,,,,,,,,,,,,,,,2026_04_29_11_40_RISE_Sereno_Market.xlsx
2026-04-28,2026-04-01,SER,Beacon at Arbours,No,0,,,,,,,,,,,,,,,,,,2026_04_29_11_40_RISE_Sereno_Market.xlsx
2026-04-28,2026-04-01,SER,Madison Palms,No,0,,,,,,,,,,,,,,,,,,2026_04_29_11_40_RISE_Sereno_Market.xlsx
2026-04-28,2026-04-01,SER,The Easton Riverview,No,0,,,,,,,,,,,,,,,,,,2026_04_29_11_40_RISE_Sereno_Market.xlsx
2026-04-28,2026-04-01,SER,Avilla Cypress Creek,No,0,,,,,,,,,,,,,,,,,,2026_04_29_11_40_RISE_Sereno_Market.xlsx
2026-04-28,2026-04-01,SER,Skymor Southshore Bay,No,0,,,,,,,,,,,,,,,,,,2026_04_29_11_40_RISE_Sereno_Market.xlsx
2026-04-28,2026-04-01,SER,Balcara 301 at Sun City,No,,,,,,,,,,,,,,,,,,,2026_04_29_11_40_RISE_Sereno_Market.xlsx
2026-04-28,2026-04-01,SER,Vacant Units,No,,,,,,,,,,,,,,,,,,,2026_04_29_11_40_RISE_Sereno_Market.xlsx
2026-04-28,2026-04-01,SER,Property,No,Vacant Units,,,,,,,,,,,,,,,,,,2026_04_29_11_40_RISE_Sereno_Market.xlsx
2026-04-28,2026-04-01,SER,Skymor Southshore Bay,No,153,,,,,,,,,,,,,,,,,,2026_04_29_11_40_RISE_Sereno_Market.xlsx
2026-04-28,2026-04-01,SER,The Whitt,No,50,,,,,,,,,,,,,,,,,,2026_04_29_11_40_RISE_Sereno_Market.xlsx
2026-04-28,2026-04-01,SER,Madison Palms,No,49,,,,,,,,,,,,,,,,,,2026_04_29_11_40_RISE_Sereno_Market.xlsx
2026-04-28,2026-04-01,SER,Shadetree,No,40,,,,,,,,,,,,,,,,,,2026_04_29_11_40_RISE_Sereno_Market.xlsx
2026-04-28,2026-04-01,SER,RISE Sereno,Yes,34,,,,,,,,,,,,,,,,,,2026_04_29_11_40_RISE_Sereno_Market.xlsx
2026-04-28,2026-04-01,SER,Ridley at Waterset,No,28,,,,,,,,,,,,,,,,,,2026_04_29_11_40_RISE_Sereno_Market.xlsx
2026-04-28,2026-04-01,SER,Tapestry Big Bend,No,23,,,,,,,,,,,,,,,,,,2026_04_29_11_40_RISE_Sereno_Market.xlsx
2026-04-28,2026-04-01,SER,Tapestry East Bay Apartments,No,23,,,,,,,,,,,,,,,,,,2026_04_29_11_40_RISE_Sereno_Market.xlsx
2026-04-28,2026-04-01,SER,Lola,No,16,,,,,,,,,,,,,,,,,,2026_04_29_11_40_RISE_Sereno_Market.xlsx
2026-04-28,2026-04-01,SER,Wildgrass,No,16,,,,,,,,,,,,,,,,,,2026_04_29_11_40_RISE_Sereno_Market.xlsx
2026-04-28,2026-04-01,SER,The Easton Riverview,No,16,,,,,,,,,,,,,,,,,,2026_04_29_11_40_RISE_Sereno_Market.xlsx
2026-04-28,2026-04-01,SER,The Parian,No,15,,,,,,,,,,,,,,,,,,2026_04_29_11_40_RISE_Sereno_Market.xlsx
2026-04-28,2026-04-01,SER,Citizen at Waterset,No,14,,,,,,,,,,,,,,,,,,2026_04_29_11_40_RISE_Sereno_Market.xlsx
2026-04-28,2026-04-01,SER,Avilla Cypress Creek,No,13,,,,,,,,,,,,,,,,,,2026_04_29_11_40_RISE_Sereno_Market.xlsx
2026-04-28,2026-04-01,SER,Beacon at Arbours,No,5,,,,,,,,,,,,,,,,,,2026_04_29_11_40_RISE_Sereno_Market.xlsx
2026-04-28,2026-04-01,SER,Balcara 301 at Sun City,No,0,,,,,,,,,,,,,,,,,,2026_04_29_11_40_RISE_Sereno_Market.xlsx
2026-04-29,2026-04-01,GKP,RISE at Glen Kernan Park,Yes,0,2025,308,0.827922077922,0.162337662338,0.172077922078,3,19,5080.5372549,0.15336629119,255,0,261,2759.71372549,2.57747134015,2336.46666667,2.18217412006,1070.70588235,2026_04_29_21_07_RISE_at_Glen_Kernan_Park_Market.xlsx
2026-04-29,2026-04-01,GKP,RISE at Nocatee,No,10.4777084958,2024,178,0.26404494382,0.724719101124,0.73595505618,3,7,0,0,47,0,51,2321.89361702,2.22122939141,2321.89361702,2.22122939141,1045.31914894,2026_04_29_21_07_RISE_at_Glen_Kernan_Park_Market.xlsx
2026-04-29,2026-04-01,GKP,Woodside at Seven Pines,No,2.29215477728,2024,300,0.03,0.963333333333,0.97,15,41,2260.55555556,0.0833128532809,9,1,17,2260.55555556,2.06213257653,2072.22222222,1.89033042773,1096.22222222,2026_04_29_21_07_RISE_at_Glen_Kernan_Park_Market.xlsx
2026-04-29,2026-04-01,GKP,Olea at Beach Haven,No,2.12546310298,2023,175,0.0742857142857,0.954285714286,0.925714285714,5,9,4442.15384615,0.166655122255,13,0,8,2221.07692308,2.44342895828,1850.92307692,2.03621900652,909,2026_04_29_21_07_RISE_at_Glen_Kernan_Park_Market.xlsx
2026-04-29,2026-04-01,GKP,Olea eTown,No,6.42642503066,2024,192,0.151041666667,0.859375,0.848958333333,5,18,3626.4137931,0.153417943107,29,0,29,1969.82758621,1.97404796461,1667.62068966,1.67119358629,997.862068966,2026_04_29_21_07_RISE_at_Glen_Kernan_Park_Market.xlsx
2026-04-29,2026-04-01,GKP,RiverVue Avondale,No,14.6267386199,2019,228,0.0877192982456,0.907894736842,0.912280701754,5,12,2615.15,0.115094240008,20,0,21,1894.1,2.15214180207,1676.1,1.90444267697,880.1,2026_04_29_21_07_RISE_at_Glen_Kernan_Park_Market.xlsx
2026-04-29,2026-04-01,GKP,Windsor Pointe,No,2.02045903711,2021,137,,1,1,,,,,0,,0,,,,,,2026_04_29_21_07_RISE_at_Glen_Kernan_Park_Market.xlsx
2026-04-29,2026-04-01,GKP,HarborChase of Mandarin - A 55+ Community,No,12.4259203585,2017,54,0,1,1,0,0,0,,0,0,0,0,,0,0,0,2026_04_29_21_07_RISE_at_Glen_Kernan_Park_Market.xlsx
2026-04-29,2026-04-01,GKP,Property Rent Comparison,No,,,,,,,,,,,,,,,,,,,2026_04_29_21_07_RISE_at_Glen_Kernan_Park_Market.xlsx
2026-04-29,2026-04-01,GKP,Property Metric Rankings,No,,,,,,,,,,,,,,,,,,,2026_04_29_21_07_RISE_at_Glen_Kernan_Park_Market.xlsx
2026-04-29,2026-04-01,GKP,Asking Rent,No,,,,,,,,,,,,,,,,,,,2026_04_29_21_07_RISE_at_Glen_Kernan_Park_Market.xlsx
2026-04-29,2026-04-01,GKP,Property,No,Asking Rent,,,,,,,,,,,,,,,,,,2026_04_29_21_07_RISE_at_Glen_Kernan_Park_Market.xlsx
2026-04-29,2026-04-01,GKP,RISE at Glen Kernan Park,Yes,2759.71372549,,,,,,,,,,,,,,,,,,2026_04_29_21_07_RISE_at_Glen_Kernan_Park_Market.xlsx
2026-04-29,2026-04-01,GKP,RISE at Nocatee,No,2321.89361702,,,,,,,,,,,,,,,,,,2026_04_29_21_07_RISE_at_Glen_Kernan_Park_Market.xlsx
2026-04-29,2026-04-01,GKP,Woodside at Seven Pines,No,2260.55555556,,,,,,,,,,,,,,,,,,2026_04_29_21_07_RISE_at_Glen_Kernan_Park_Market.xlsx
2026-04-29,2026-04-01,GKP,Olea at Beach Haven,No,2221.07692308,,,,,,,,,,,,,,,,,,2026_04_29_21_07_RISE_at_Glen_Kernan_Park_Market.xlsx
2026-04-29,2026-04-01,GKP,Olea eTown,No,1969.82758621,,,,,,,,,,,,,,,,,,2026_04_29_21_07_RISE_at_Glen_Kernan_Park_Market.xlsx
2026-04-29,2026-04-01,GKP,RiverVue Avondale,No,1894.1,,,,,,,,,,,,,,,,,,2026_04_29_21_07_RISE_at_Glen_Kernan_Park_Market.xlsx
2026-04-29,2026-04-01,GKP,HarborChase of Mandarin - A 55+ Community,No,0,,,,,,,,,,,,,,,,,,2026_04_29_21_07_RISE_at_Glen_Kernan_Park_Market.xlsx
2026-04-29,2026-04-01,GKP,Windsor Pointe,No,,,,,,,,,,,,,,,,,,,2026_04_29_21_07_RISE_at_Glen_Kernan_Park_Market.xlsx
2026-04-29,2026-04-01,GKP,Asking Rent / Sq Ft,No,,,,,,,,,,,,,,,,,,,2026_04_29_21_07_RISE_at_Glen_Kernan_Park_Market.xlsx
2026-04-29,2026-04-01,GKP,Property,No,Asking Rent / Sq Ft,,,,,,,,,,,,,,,,,,2026_04_29_21_07_RISE_at_Glen_Kernan_Park_Market.xlsx
2026-04-29,2026-04-01,GKP,RISE at Glen Kernan Park,Yes,2.57747134015,,,,,,,,,,,,,,,,,,2026_04_29_21_07_RISE_at_Glen_Kernan_Park_Market.xlsx
2026-04-29,2026-04-01,GKP,Olea at Beach Haven,No,2.44342895828,,,,,,,,,,,,,,,,,,2026_04_29_21_07_RISE_at_Glen_Kernan_Park_Market.xlsx
2026-04-29,2026-04-01,GKP,RISE at Nocatee,No,2.22122939141,,,,,,,,,,,,,,,,,,2026_04_29_21_07_RISE_at_Glen_Kernan_Park_Market.xlsx
2026-04-29,2026-04-01,GKP,RiverVue Avondale,No,2.15214180207,,,,,,,,,,,,,,,,,,2026_04_29_21_07_RISE_at_Glen_Kernan_Park_Market.xlsx
2026-04-29,2026-04-01,GKP,Woodside at Seven Pines,No,2.06213257653,,,,,,,,,,,,,,,,,,2026_04_29_21_07_RISE_at_Glen_Kernan_Park_Market.xlsx
2026-04-29,2026-04-01,GKP,Olea eTown,No,1.97404796461,,,,,,,,,,,,,,,,,,2026_04_29_21_07_RISE_at_Glen_Kernan_Park_Market.xlsx
2026-04-29,2026-04-01,GKP,HarborChase of Mandarin - A 55+ Community,No,,,,,,,,,,,,,,,,,,,2026_04_29_21_07_RISE_at_Glen_Kernan_Park_Market.xlsx
2026-04-29,2026-04-01,GKP,Windsor Pointe,No,,,,,,,,,,,,,,,,,,,2026_04_29_21_07_RISE_at_Glen_Kernan_Park_Market.xlsx
2026-04-29,2026-04-01,GKP,Effective Rent,No,,,,,,,,,,,,,,,,,,,2026_04_29_21_07_RISE_at_Glen_Kernan_Park_Market.xlsx
2026-04-29,2026-04-01,GKP,Property,No,Effective Rent,,,,,,,,,,,,,,,,,,2026_04_29_21_07_RISE_at_Glen_Kernan_Park_Market.xlsx
2026-04-29,2026-04-01,GKP,RISE at Glen Kernan Park,Yes,2336.46666667,,,,,,,,,,,,,,,,,,2026_04_29_21_07_RISE_at_Glen_Kernan_Park_Market.xlsx
2026-04-29,2026-04-01,GKP,RISE at Nocatee,No,2321.89361702,,,,,,,,,,,,,,,,,,2026_04_29_21_07_RISE_at_Glen_Kernan_Park_Market.xlsx
2026-04-29,2026-04-01,GKP,Woodside at Seven Pines,No,2072.22222222,,,,,,,,,,,,,,,,,,2026_04_29_21_07_RISE_at_Glen_Kernan_Park_Market.xlsx
2026-04-29,2026-04-01,GKP,Olea at Beach Haven,No,1850.92307692,,,,,,,,,,,,,,,,,,2026_04_29_21_07_RISE_at_Glen_Kernan_Park_Market.xlsx
2026-04-29,2026-04-01,GKP,RiverVue Avondale,No,1676.1,,,,,,,,,,,,,,,,,,2026_04_29_21_07_RISE_at_Glen_Kernan_Park_Market.xlsx
2026-04-29,2026-04-01,GKP,Olea eTown,No,1667.62068966,,,,,,,,,,,,,,,,,,2026_04_29_21_07_RISE_at_Glen_Kernan_Park_Market.xlsx
2026-04-29,2026-04-01,GKP,HarborChase of Mandarin - A 55+ Community,No,0,,,,,,,,,,,,,,,,,,2026_04_29_21_07_RISE_at_Glen_Kernan_Park_Market.xlsx
2026-04-29,2026-04-01,GKP,Windsor Pointe,No,,,,,,,,,,,,,,,,,,,2026_04_29_21_07_RISE_at_Glen_Kernan_Park_Market.xlsx
2026-04-29,2026-04-01,GKP,Effective Rent / Sq Ft,No,,,,,,,,,,,,,,,,,,,2026_04_29_21_07_RISE_at_Glen_Kernan_Park_Market.xlsx
2026-04-29,2026-04-01,GKP,Property,No,Effective Rent / Sq Ft,,,,,,,,,,,,,,,,,,2026_04_29_21_07_RISE_at_Glen_Kernan_Park_Market.xlsx
2026-04-29,2026-04-01,GKP,RISE at Nocatee,No,2.22122939141,,,,,,,,,,,,,,,,,,2026_04_29_21_07_RISE_at_Glen_Kernan_Park_Market.xlsx
2026-04-29,2026-04-01,GKP,RISE at Glen Kernan Park,Yes,2.18217412006,,,,,,,,,,,,,,,,,,2026_04_29_21_07_RISE_at_Glen_Kernan_Park_Market.xlsx
2026-04-29,2026-04-01,GKP,Olea at Beach Haven,No,2.03621900652,,,,,,,,,,,,,,,,,,2026_04_29_21_07_RISE_at_Glen_Kernan_Park_Market.xlsx
2026-04-29,2026-04-01,GKP,RiverVue Avondale,No,1.90444267697,,,,,,,,,,,,,,,,,,2026_04_29_21_07_RISE_at_Glen_Kernan_Park_Market.xlsx
2026-04-29,2026-04-01,GKP,Woodside at Seven Pines,No,1.89033042773,,,,,,,,,,,,,,,,,,2026_04_29_21_07_RISE_at_Glen_Kernan_Park_Market.xlsx
2026-04-29,2026-04-01,GKP,Olea eTown,No,1.67119358629,,,,,,,,,,,,,,,,,,2026_04_29_21_07_RISE_at_Glen_Kernan_Park_Market.xlsx
2026-04-29,2026-04-01,GKP,HarborChase of Mandarin - A 55+ Community,No,0,,,,,,,,,,,,,,,,,,2026_04_29_21_07_RISE_at_Glen_Kernan_Park_Market.xlsx
2026-04-29,2026-04-01,GKP,Windsor Pointe,No,,,,,,,,,,,,,,,,,,,2026_04_29_21_07_RISE_at_Glen_Kernan_Park_Market.xlsx
2026-04-29,2026-04-01,GKP,Sq Ft,No,,,,,,,,,,,,,,,,,,,2026_04_29_21_07_RISE_at_Glen_Kernan_Park_Market.xlsx
2026-04-29,2026-04-01,GKP,Property,No,Sq Ft,,,,,,,,,,,,,,,,,,2026_04_29_21_07_RISE_at_Glen_Kernan_Park_Market.xlsx
2026-04-29,2026-04-01,GKP,Woodside at Seven Pines,No,1096.22222222,,,,,,,,,,,,,,,,,,2026_04_29_21_07_RISE_at_Glen_Kernan_Park_Market.xlsx
2026-04-29,2026-04-01,GKP,RISE at Glen Kernan Park,Yes,1070.70588235,,,,,,,,,,,,,,,,,,2026_04_29_21_07_RISE_at_Glen_Kernan_Park_Market.xlsx
2026-04-29,2026-04-01,GKP,RISE at Nocatee,No,1045.31914894,,,,,,,,,,,,,,,,,,2026_04_29_21_07_RISE_at_Glen_Kernan_Park_Market.xlsx
2026-04-29,2026-04-01,GKP,Olea eTown,No,997.862068966,,,,,,,,,,,,,,,,,,2026_04_29_21_07_RISE_at_Glen_Kernan_Park_Market.xlsx
2026-04-29,2026-04-01,GKP,Olea at Beach Haven,No,909,,,,,,,,,,,,,,,,,,2026_04_29_21_07_RISE_at_Glen_Kernan_Park_Market.xlsx
2026-04-29,2026-04-01,GKP,RiverVue Avondale,No,880.1,,,,,,,,,,,,,,,,,,2026_04_29_21_07_RISE_at_Glen_Kernan_Park_Market.xlsx
2026-04-29,2026-04-01,GKP,HarborChase of Mandarin - A 55+ Community,No,0,,,,,,,,,,,,,,,,,,2026_04_29_21_07_RISE_at_Glen_Kernan_Park_Market.xlsx
2026-04-29,2026-04-01,GKP,Windsor Pointe,No,,,,,,,,,,,,,,,,,,,2026_04_29_21_07_RISE_at_Glen_Kernan_Park_Market.xlsx
2026-04-29,2026-04-01,GKP,Concessions,No,,,,,,,,,,,,,,,,,,,2026_04_29_21_07_RISE_at_Glen_Kernan_Park_Market.xlsx
2026-04-29,2026-04-01,GKP,Property,No,Concessions,,,,,,,,,,,,,,,,,,2026_04_29_21_07_RISE_at_Glen_Kernan_Park_Market.xlsx
2026-04-29,2026-04-01,GKP,RISE at Glen Kernan Park,Yes,5080.5372549,,,,,,,,,,,,,,,,,,2026_04_29_21_07_RISE_at_Glen_Kernan_Park_Market.xlsx
2026-04-29,2026-04-01,GKP,Olea at Beach Haven,No,4442.15384615,,,,,,,,,,,,,,,,,,2026_04_29_21_07_RISE_at_Glen_Kernan_Park_Market.xlsx
2026-04-29,2026-04-01,GKP,Olea eTown,No,3626.4137931,,,,,,,,,,,,,,,,,,2026_04_29_21_07_RISE_at_Glen_Kernan_Park_Market.xlsx
2026-04-29,2026-04-01,GKP,RiverVue Avondale,No,2615.15,,,,,,,,,,,,,,,,,,2026_04_29_21_07_RISE_at_Glen_Kernan_Park_Market.xlsx
2026-04-29,2026-04-01,GKP,Woodside at Seven Pines,No,2260.55555556,,,,,,,,,,,,,,,,,,2026_04_29_21_07_RISE_at_Glen_Kernan_Park_Market.xlsx
2026-04-29,2026-04-01,GKP,HarborChase of Mandarin - A 55+ Community,No,0,,,,,,,,,,,,,,,,,,2026_04_29_21_07_RISE_at_Glen_Kernan_Park_Market.xlsx
2026-04-29,2026-04-01,GKP,RISE at Nocatee,No,0,,,,,,,,,,,,,,,,,,2026_04_29_21_07_RISE_at_Glen_Kernan_Park_Market.xlsx
2026-04-29,2026-04-01,GKP,Windsor Pointe,No,,,,,,,,,,,,,,,,,,,2026_04_29_21_07_RISE_at_Glen_Kernan_Park_Market.xlsx
2026-04-29,2026-04-01,GKP,Concession %,No,,,,,,,,,,,,,,,,,,,2026_04_29_21_07_RISE_at_Glen_Kernan_Park_Market.xlsx
2026-04-29,2026-04-01,GKP,Property,No,Concession %,,,,,,,,,,,,,,,,,,2026_04_29_21_07_RISE_at_Glen_Kernan_Park_Market.xlsx
2026-04-29,2026-04-01,GKP,Olea at Beach Haven,No,0.166655122255,,,,,,,,,,,,,,,,,,2026_04_29_21_07_RISE_at_Glen_Kernan_Park_Market.xlsx
2026-04-29,2026-04-01,GKP,Olea eTown,No,0.153417943107,,,,,,,,,,,,,,,,,,2026_04_29_21_07_RISE_at_Glen_Kernan_Park_Market.xlsx
2026-04-29,2026-04-01,GKP,RISE at Glen Kernan Park,Yes,0.15336629119,,,,,,,,,,,,,,,,,,2026_04_29_21_07_RISE_at_Glen_Kernan_Park_Market.xlsx
2026-04-29,2026-04-01,GKP,RiverVue Avondale,No,0.115094240008,,,,,,,,,,,,,,,,,,2026_04_29_21_07_RISE_at_Glen_Kernan_Park_Market.xlsx
2026-04-29,2026-04-01,GKP,Woodside at Seven Pines,No,0.0833128532809,,,,,,,,,,,,,,,,,,2026_04_29_21_07_RISE_at_Glen_Kernan_Park_Market.xlsx
2026-04-29,2026-04-01,GKP,HarborChase of Mandarin - A 55+ Community,No,,,,,,,,,,,,,,,,,,,2026_04_29_21_07_RISE_at_Glen_Kernan_Park_Market.xlsx
2026-04-29,2026-04-01,GKP,RISE at Nocatee,No,0,,,,,,,,,,,,,,,,,,2026_04_29_21_07_RISE_at_Glen_Kernan_Park_Market.xlsx
2026-04-29,2026-04-01,GKP,Windsor Pointe,No,,,,,,,,,,,,,,,,,,,2026_04_29_21_07_RISE_at_Glen_Kernan_Park_Market.xlsx
2026-04-29,2026-04-01,GKP,Total Avail. Units,No,,,,,,,,,,,,,,,,,,,2026_04_29_21_07_RISE_at_Glen_Kernan_Park_Market.xlsx
2026-04-29,2026-04-01,GKP,Property,No,Total Avail. Units,,,,,,,,,,,,,,,,,,2026_04_29_21_07_RISE_at_Glen_Kernan_Park_Market.xlsx
2026-04-29,2026-04-01,GKP,RISE at Glen Kernan Park,Yes,255,,,,,,,,,,,,,,,,,,2026_04_29_21_07_RISE_at_Glen_Kernan_Park_Market.xlsx
2026-04-29,2026-04-01,GKP,RISE at Nocatee,No,47,,,,,,,,,,,,,,,,,,2026_04_29_21_07_RISE_at_Glen_Kernan_Park_Market.xlsx
2026-04-29,2026-04-01,GKP,Olea eTown,No,29,,,,,,,,,,,,,,,,,,2026_04_29_21_07_RISE_at_Glen_Kernan_Park_Market.xlsx
2026-04-29,2026-04-01,GKP,RiverVue Avondale,No,20,,,,,,,,,,,,,,,,,,2026_04_29_21_07_RISE_at_Glen_Kernan_Park_Market.xlsx
2026-04-29,2026-04-01,GKP,Olea at Beach Haven,No,13,,,,,,,,,,,,,,,,,,2026_04_29_21_07_RISE_at_Glen_Kernan_Park_Market.xlsx
2026-04-29,2026-04-01,GKP,Woodside at Seven Pines,No,9,,,,,,,,,,,,,,,,,,2026_04_29_21_07_RISE_at_Glen_Kernan_Park_Market.xlsx
2026-04-29,2026-04-01,GKP,HarborChase of Mandarin - A 55+ Community,No,0,,,,,,,,,,,,,,,,,,2026_04_29_21_07_RISE_at_Glen_Kernan_Park_Market.xlsx
2026-04-29,2026-04-01,GKP,Windsor Pointe,No,0,,,,,,,,,,,,,,,,,,2026_04_29_21_07_RISE_at_Glen_Kernan_Park_Market.xlsx
2026-04-29,2026-04-01,GKP,Exposure %,No,,,,,,,,,,,,,,,,,,,2026_04_29_21_07_RISE_at_Glen_Kernan_Park_Market.xlsx
2026-04-29,2026-04-01,GKP,Property,No,Exposure %,,,,,,,,,,,,,,,,,,2026_04_29_21_07_RISE_at_Glen_Kernan_Park_Market.xlsx
2026-04-29,2026-04-01,GKP,RISE at Glen Kernan Park,Yes,0.827922077922,,,,,,,,,,,,,,,,,,2026_04_29_21_07_RISE_at_Glen_Kernan_Park_Market.xlsx
2026-04-29,2026-04-01,GKP,RISE at Nocatee,No,0.26404494382,,,,,,,,,,,,,,,,,,2026_04_29_21_07_RISE_at_Glen_Kernan_Park_Market.xlsx
2026-04-29,2026-04-01,GKP,Olea eTown,No,0.151041666667,,,,,,,,,,,,,,,,,,2026_04_29_21_07_RISE_at_Glen_Kernan_Park_Market.xlsx
2026-04-29,2026-04-01,GKP,RiverVue Avondale,No,0.0877192982456,,,,,,,,,,,,,,,,,,2026_04_29_21_07_RISE_at_Glen_Kernan_Park_Market.xlsx
2026-04-29,2026-04-01,GKP,Olea at Beach Haven,No,0.0742857142857,,,,,,,,,,,,,,,,,,2026_04_29_21_07_RISE_at_Glen_Kernan_Park_Market.xlsx
2026-04-29,2026-04-01,GKP,Woodside at Seven Pines,No,0.03,,,,,,,,,,,,,,,,,,2026_04_29_21_07_RISE_at_Glen_Kernan_Park_Market.xlsx
2026-04-29,2026-04-01,GKP,HarborChase of Mandarin - A 55+ Community,No,0,,,,,,,,,,,,,,,,,,2026_04_29_21_07_RISE_at_Glen_Kernan_Park_Market.xlsx
2026-04-29,2026-04-01,GKP,Windsor Pointe,No,,,,,,,,,,,,,,,,,,,2026_04_29_21_07_RISE_at_Glen_Kernan_Park_Market.xlsx
2026-04-29,2026-04-01,GKP,Leased %,No,,,,,,,,,,,,,,,,,,,2026_04_29_21_07_RISE_at_Glen_Kernan_Park_Market.xlsx
2026-04-29,2026-04-01,GKP,Property,No,Leased %,,,,,,,,,,,,,,,,,,2026_04_29_21_07_RISE_at_Glen_Kernan_Park_Market.xlsx
2026-04-29,2026-04-01,GKP,HarborChase of Mandarin - A 55+ Community,No,1,,,,,,,,,,,,,,,,,,2026_04_29_21_07_RISE_at_Glen_Kernan_Park_Market.xlsx
2026-04-29,2026-04-01,GKP,Windsor Pointe,No,1,,,,,,,,,,,,,,,,,,2026_04_29_21_07_RISE_at_Glen_Kernan_Park_Market.xlsx
2026-04-29,2026-04-01,GKP,Woodside at Seven Pines,No,0.963333333333,,,,,,,,,,,,,,,,,,2026_04_29_21_07_RISE_at_Glen_Kernan_Park_Market.xlsx
2026-04-29,2026-04-01,GKP,Olea at Beach Haven,No,0.954285714286,,,,,,,,,,,,,,,,,,2026_04_29_21_07_RISE_at_Glen_Kernan_Park_Market.xlsx
2026-04-29,2026-04-01,GKP,RiverVue Avondale,No,0.907894736842,,,,,,,,,,,,,,,,,,2026_04_29_21_07_RISE_at_Glen_Kernan_Park_Market.xlsx
2026-04-29,2026-04-01,GKP,Olea eTown,No,0.859375,,,,,,,,,,,,,,,,,,2026_04_29_21_07_RISE_at_Glen_Kernan_Park_Market.xlsx
2026-04-29,2026-04-01,GKP,RISE at Nocatee,No,0.724719101124,,,,,,,,,,,,,,,,,,2026_04_29_21_07_RISE_at_Glen_Kernan_Park_Market.xlsx
2026-04-29,2026-04-01,GKP,RISE at Glen Kernan Park,Yes,0.162337662338,,,,,,,,,,,,,,,,,,2026_04_29_21_07_RISE_at_Glen_Kernan_Park_Market.xlsx
2026-04-29,2026-04-01,GKP,Applications Last 7 Days,No,,,,,,,,,,,,,,,,,,,2026_04_29_21_07_RISE_at_Glen_Kernan_Park_Market.xlsx
2026-04-29,2026-04-01,GKP,Property,No,Applications Last 7 Days,,,,,,,,,,,,,,,,,,2026_04_29_21_07_RISE_at_Glen_Kernan_Park_Market.xlsx
2026-04-29,2026-04-01,GKP,Woodside at Seven Pines,No,15,,,,,,,,,,,,,,,,,,2026_04_29_21_07_RISE_at_Glen_Kernan_Park_Market.xlsx
2026-04-29,2026-04-01,GKP,RiverVue Avondale,No,5,,,,,,,,,,,,,,,,,,2026_04_29_21_07_RISE_at_Glen_Kernan_Park_Market.xlsx
2026-04-29,2026-04-01,GKP,Olea eTown,No,5,,,,,,,,,,,,,,,,,,2026_04_29_21_07_RISE_at_Glen_Kernan_Park_Market.xlsx
2026-04-29,2026-04-01,GKP,Olea at Beach Haven,No,5,,,,,,,,,,,,,,,,,,2026_04_29_21_07_RISE_at_Glen_Kernan_Park_Market.xlsx
2026-04-29,2026-04-01,GKP,RISE at Nocatee,No,3,,,,,,,,,,,,,,,,,,2026_04_29_21_07_RISE_at_Glen_Kernan_Park_Market.xlsx
2026-04-29,2026-04-01,GKP,RISE at Glen Kernan Park,Yes,3,,,,,,,,,,,,,,,,,,2026_04_29_21_07_RISE_at_Glen_Kernan_Park_Market.xlsx
2026-04-29,2026-04-01,GKP,HarborChase of Mandarin - A 55+ Community,No,0,,,,,,,,,,,,,,,,,,2026_04_29_21_07_RISE_at_Glen_Kernan_Park_Market.xlsx
2026-04-29,2026-04-01,GKP,Windsor Pointe,No,,,,,,,,,,,,,,,,,,,2026_04_29_21_07_RISE_at_Glen_Kernan_Park_Market.xlsx
2026-04-29,2026-04-01,GKP,Applications Last 30 Days,No,,,,,,,,,,,,,,,,,,,2026_04_29_21_07_RISE_at_Glen_Kernan_Park_Market.xlsx
2026-04-29,2026-04-01,GKP,Property,No,Applications Last 30 Days,,,,,,,,,,,,,,,,,,2026_04_29_21_07_RISE_at_Glen_Kernan_Park_Market.xlsx
2026-04-29,2026-04-01,GKP,Woodside at Seven Pines,No,41,,,,,,,,,,,,,,,,,,2026_04_29_21_07_RISE_at_Glen_Kernan_Park_Market.xlsx
2026-04-29,2026-04-01,GKP,RISE at Glen Kernan Park,Yes,19,,,,,,,,,,,,,,,,,,2026_04_29_21_07_RISE_at_Glen_Kernan_Park_Market.xlsx
2026-04-29,2026-04-01,GKP,Olea eTown,No,18,,,,,,,,,,,,,,,,,,2026_04_29_21_07_RISE_at_Glen_Kernan_Park_Market.xlsx
2026-04-29,2026-04-01,GKP,RiverVue Avondale,No,12,,,,,,,,,,,,,,,,,,2026_04_29_21_07_RISE_at_Glen_Kernan_Park_Market.xlsx
2026-04-29,2026-04-01,GKP,Olea at Beach Haven,No,9,,,,,,,,,,,,,,,,,,2026_04_29_21_07_RISE_at_Glen_Kernan_Park_Market.xlsx
2026-04-29,2026-04-01,GKP,RISE at Nocatee,No,7,,,,,,,,,,,,,,,,,,2026_04_29_21_07_RISE_at_Glen_Kernan_Park_Market.xlsx
2026-04-29,2026-04-01,GKP,HarborChase of Mandarin - A 55+ Community,No,0,,,,,,,,,,,,,,,,,,2026_04_29_21_07_RISE_at_Glen_Kernan_Park_Market.xlsx
2026-04-29,2026-04-01,GKP,Windsor Pointe,No,,,,,,,,,,,,,,,,,,,2026_04_29_21_07_RISE_at_Glen_Kernan_Park_Market.xlsx
2026-04-29,2026-04-01,GKP,Total Leased Units,No,,,,,,,,,,,,,,,,,,,2026_04_29_21_07_RISE_at_Glen_Kernan_Park_Market.xlsx
2026-04-29,2026-04-01,GKP,Property,No,Total Leased Units,,,,,,,,,,,,,,,,,,2026_04_29_21_07_RISE_at_Glen_Kernan_Park_Market.xlsx
2026-04-29,2026-04-01,GKP,Woodside at Seven Pines,No,1,,,,,,,,,,,,,,,,,,2026_04_29_21_07_RISE_at_Glen_Kernan_Park_Market.xlsx
2026-04-29,2026-04-01,GKP,RiverVue Avondale,No,0,,,,,,,,,,,,,,,,,,2026_04_29_21_07_RISE_at_Glen_Kernan_Park_Market.xlsx
2026-04-29,2026-04-01,GKP,HarborChase of Mandarin - A 55+ Community,No,0,,,,,,,,,,,,,,,,,,2026_04_29_21_07_RISE_at_Glen_Kernan_Park_Market.xlsx
2026-04-29,2026-04-01,GKP,RISE at Nocatee,No,0,,,,,,,,,,,,,,,,,,2026_04_29_21_07_RISE_at_Glen_Kernan_Park_Market.xlsx
2026-04-29,2026-04-01,GKP,Olea eTown,No,0,,,,,,,,,,,,,,,,,,2026_04_29_21_07_RISE_at_Glen_Kernan_Park_Market.xlsx
2026-04-29,2026-04-01,GKP,Olea at Beach Haven,No,0,,,,,,,,,,,,,,,,,,2026_04_29_21_07_RISE_at_Glen_Kernan_Park_Market.xlsx
2026-04-29,2026-04-01,GKP,Windsor Pointe,No,,,,,,,,,,,,,,,,,,,2026_04_29_21_07_RISE_at_Glen_Kernan_Park_Market.xlsx
2026-04-29,2026-04-01,GKP,RISE at Glen Kernan Park,Yes,0,,,,,,,,,,,,,,,,,,2026_04_29_21_07_RISE_at_Glen_Kernan_Park_Market.xlsx
2026-04-29,2026-04-01,GKP,Vacant Units,No,,,,,,,,,,,,,,,,,,,2026_04_29_21_07_RISE_at_Glen_Kernan_Park_Market.xlsx
2026-04-29,2026-04-01,GKP,Property,No,Vacant Units,,,,,,,,,,,,,,,,,,2026_04_29_21_07_RISE_at_Glen_Kernan_Park_Market.xlsx
2026-04-29,2026-04-01,GKP,RISE at Glen Kernan Park,Yes,261,,,,,,,,,,,,,,,,,,2026_04_29_21_07_RISE_at_Glen_Kernan_Park_Market.xlsx
2026-04-29,2026-04-01,GKP,RISE at Nocatee,No,51,,,,,,,,,,,,,,,,,,2026_04_29_21_07_RISE_at_Glen_Kernan_Park_Market.xlsx
2026-04-29,2026-04-01,GKP,Olea eTown,No,29,,,,,,,,,,,,,,,,,,2026_04_29_21_07_RISE_at_Glen_Kernan_Park_Market.xlsx
2026-04-29,2026-04-01,GKP,RiverVue Avondale,No,21,,,,,,,,,,,,,,,,,,2026_04_29_21_07_RISE_at_Glen_Kernan_Park_Market.xlsx
2026-04-29,2026-04-01,GKP,Woodside at Seven Pines,No,17,,,,,,,,,,,,,,,,,,2026_04_29_21_07_RISE_at_Glen_Kernan_Park_Market.xlsx
2026-04-29,2026-04-01,GKP,Olea at Beach Haven,No,8,,,,,,,,,,,,,,,,,,2026_04_29_21_07_RISE_at_Glen_Kernan_Park_Market.xlsx
2026-04-29,2026-04-01,GKP,HarborChase of Mandarin - A 55+ Community,No,0,,,,,,,,,,,,,,,,,,2026_04_29_21_07_RISE_at_Glen_Kernan_Park_Market.xlsx
2026-04-29,2026-04-01,GKP,Windsor Pointe,No,0,,,,,,,,,,,,,,,,,,2026_04_29_21_07_RISE_at_Glen_Kernan_Park_Market.xlsx
2026-04-30,2026-04-01,BAY,Woodside at Seven Pines,No,4.67628249598,2024,300,0.03,0.963333333333,0.97,13,41,2260.55555556,0.0833128532809,9,1,16,2260.55555556,2.06213257653,2072.22222222,1.89033042773,1096.22222222,2026_04_30_15_23_RISE_Baymeadows_Market.xlsx
2026-04-30,2026-04-01,BAY,JTB Apartments,No,1.88197156228,2019,350,0.308571428571,0.837142857143,0.691428571429,3,23,666.87962963,0.0262800637623,108,0,53,2154.22641509,2.2408588644,2097.61320755,2.18196895056,957.638888889,2026_04_30_15_23_RISE_Baymeadows_Market.xlsx
2026-04-30,2026-04-01,BAY,Pinnacle,No,4.55542627438,2024,376,0.031914893617,0.946808510638,0.968085106383,13,42,2167.91666667,0.0853427895981,12,2,25,2115,1.60318362706,1934.5,1.46636346409,1319.25,2026_04_30_15_23_RISE_Baymeadows_Market.xlsx
2026-04-30,2026-04-01,BAY,Fusion,No,1.09329396351,2020,384,0.0338541666667,0.966145833333,0.966145833333,10,38,832.384615385,0.037119433115,13,0,16,2022.75,1.67967614698,1947.66666667,1.61732752059,1204.25,2026_04_30_15_23_RISE_Baymeadows_Market.xlsx
2026-04-30,2026-04-01,BAY,Avere Southside Quarter,No,4.11761413432,2022,322,0.0621118012422,0.965838509317,0.937888198758,4,15,0,0,20,1,13,1989.95,2.08776163248,1989.95,2.08776163248,953.15,2026_04_30_15_23_RISE_Baymeadows_Market.xlsx
2026-04-30,2026-04-01,BAY,Olympus Preserve at Town Center,No,1.17234974621,2021,370,0.0675675675676,0.894594594595,0.932432432432,1,10,0,0,25,0,44,1833.68,1.8773086531,1833.68,1.8773086531,976.76,2026_04_30_15_23_RISE_Baymeadows_Market.xlsx
2026-04-30,2026-04-01,BAY,Steele Creek,No,1.56208299546,2018,300,0.0666666666667,0.973333333333,0.933333333333,4,14,757.4,0.0344074276352,20,1,13,1831,1.81448815776,1768,1.75205628778,1009.1,2026_04_30_15_23_RISE_Baymeadows_Market.xlsx
2026-04-30,2026-04-01,BAY,Haven 8181,No,1.27124614934,2023,342,0.111111111111,0.926900584795,0.888888888889,7,24,1675.5,0.0767029027408,38,0,26,1820.42105263,1.94555068062,1680.78947368,1.79632129598,935.684210526,2026_04_30_15_23_RISE_Baymeadows_Market.xlsx
2026-04-30,2026-04-01,BAY,The Maggie Flats,No,2.69927593233,2024,280,0.210714285714,0.810714285714,0.789285714286,6,24,3326,0.15340450682,59,0,56,1806.6779661,1.60862610165,1529.52542373,1.36185560787,1123.11864407,2026_04_30_15_23_RISE_Baymeadows_Market.xlsx
2026-04-30,2026-04-01,BAY,Artea,No,6.61523093096,2025,340,0.373529411765,0.620588235294,0.626470588235,10,28,3986.11023622,0.190583101442,127,0,133,1743.05511811,2.32656493042,1410.85826772,1.88316097028,749.196850394,2026_04_30_15_23_RISE_Baymeadows_Market.xlsx
2026-04-30,2026-04-01,BAY,RISE Baymeadows,Yes,0,2024,331,0.196374622356,0.752265861027,0.803625377644,23,70,3765.69230769,0.191807609503,65,3,87,1636.41538462,1.66071289169,1322.53846154,1.34217552187,985.369230769,2026_04_30_15_23_RISE_Baymeadows_Market.xlsx
2026-04-30,2026-04-01,BAY,WaterWalk Jacksonville - All bills paid - ...,No,1.8216603595,2023,50,0.06,0.96,0.94,2,6,0,0,3,0,2,1550,2.58333333333,1550,2.58333333333,600,2026_04_30_15_23_RISE_Baymeadows_Market.xlsx
2026-04-30,2026-04-01,BAY,Elevate Baymeadows,No,1.4314651076,2025,192,0.0364583333333,0.963541666667,0.963541666667,0,0,1150,0.0832298136646,7,0,7,1150,1.84,1054.28571429,1.68685714286,625,2026_04_30_15_23_RISE_Baymeadows_Market.xlsx
2026-04-30,2026-04-01,BAY,AVIA Lofts on Liberty Ridge,No,1.57964490112,2024,112,0.160714285714,0.866071428571,0.839285714286,4,7,1038.22222222,0.0766541945648,18,0,16,1128.44444444,1.88074074074,1041.94444444,1.73657407407,600,2026_04_30_15_23_RISE_Baymeadows_Market.xlsx
2026-04-30,2026-04-01,BAY,Property Rent Comparison,No,,,,,,,,,,,,,,,,,,,2026_04_30_15_23_RISE_Baymeadows_Market.xlsx
2026-04-30,2026-04-01,BAY,Property Metric Rankings,No,,,,,,,,,,,,,,,,,,,2026_04_30_15_23_RISE_Baymeadows_Market.xlsx
2026-04-30,2026-04-01,BAY,Asking Rent,No,,,,,,,,,,,,,,,,,,,2026_04_30_15_23_RISE_Baymeadows_Market.xlsx
2026-04-30,2026-04-01,BAY,Property,No,Asking Rent,,,,,,,,,,,,,,,,,,2026_04_30_15_23_RISE_Baymeadows_Market.xlsx
2026-04-30,2026-04-01,BAY,Woodside at Seven Pines,No,2260.55555556,,,,,,,,,,,,,,,,,,2026_04_30_15_23_RISE_Baymeadows_Market.xlsx
2026-04-30,2026-04-01,BAY,JTB Apartments,No,2154.22641509,,,,,,,,,,,,,,,,,,2026_04_30_15_23_RISE_Baymeadows_Market.xlsx
2026-04-30,2026-04-01,BAY,Pinnacle,No,2115,,,,,,,,,,,,,,,,,,2026_04_30_15_23_RISE_Baymeadows_Market.xlsx
2026-04-30,2026-04-01,BAY,Fusion,No,2022.75,,,,,,,,,,,,,,,,,,2026_04_30_15_23_RISE_Baymeadows_Market.xlsx
2026-04-30,2026-04-01,BAY,Avere Southside Quarter,No,1989.95,,,,,,,,,,,,,,,,,,2026_04_30_15_23_RISE_Baymeadows_Market.xlsx
2026-04-30,2026-04-01,BAY,Olympus Preserve at Town Center,No,1833.68,,,,,,,,,,,,,,,,,,2026_04_30_15_23_RISE_Baymeadows_Market.xlsx
2026-04-30,2026-04-01,BAY,Steele Creek,No,1831,,,,,,,,,,,,,,,,,,2026_04_30_15_23_RISE_Baymeadows_Market.xlsx
2026-04-30,2026-04-01,BAY,Haven 8181,No,1820.42105263,,,,,,,,,,,,,,,,,,2026_04_30_15_23_RISE_Baymeadows_Market.xlsx
2026-04-30,2026-04-01,BAY,The Maggie Flats,No,1806.6779661,,,,,,,,,,,,,,,,,,2026_04_30_15_23_RISE_Baymeadows_Market.xlsx
2026-04-30,2026-04-01,BAY,Artea,No,1743.05511811,,,,,,,,,,,,,,,,,,2026_04_30_15_23_RISE_Baymeadows_Market.xlsx
2026-04-30,2026-04-01,BAY,RISE Baymeadows,Yes,1636.41538462,,,,,,,,,,,,,,,,,,2026_04_30_15_23_RISE_Baymeadows_Market.xlsx
2026-04-30,2026-04-01,BAY,WaterWalk Jacksonville - All bills paid - ...,No,1550,,,,,,,,,,,,,,,,,,2026_04_30_15_23_RISE_Baymeadows_Market.xlsx
2026-04-30,2026-04-01,BAY,Elevate Baymeadows,No,1150,,,,,,,,,,,,,,,,,,2026_04_30_15_23_RISE_Baymeadows_Market.xlsx
2026-04-30,2026-04-01,BAY,AVIA Lofts on Liberty Ridge,No,1128.44444444,,,,,,,,,,,,,,,,,,2026_04_30_15_23_RISE_Baymeadows_Market.xlsx
2026-04-30,2026-04-01,BAY,Asking Rent / Sq Ft,No,,,,,,,,,,,,,,,,,,,2026_04_30_15_23_RISE_Baymeadows_Market.xlsx
2026-04-30,2026-04-01,BAY,Property,No,Asking Rent / Sq Ft,,,,,,,,,,,,,,,,,,2026_04_30_15_23_RISE_Baymeadows_Market.xlsx
2026-04-30,2026-04-01,BAY,WaterWalk Jacksonville - All bills paid - ...,No,2.58333333333,,,,,,,,,,,,,,,,,,2026_04_30_15_23_RISE_Baymeadows_Market.xlsx
2026-04-30,2026-04-01,BAY,Artea,No,2.32656493042,,,,,,,,,,,,,,,,,,2026_04_30_15_23_RISE_Baymeadows_Market.xlsx
2026-04-30,2026-04-01,BAY,JTB Apartments,No,2.2408588644,,,,,,,,,,,,,,,,,,2026_04_30_15_23_RISE_Baymeadows_Market.xlsx
2026-04-30,2026-04-01,BAY,Avere Southside Quarter,No,2.08776163248,,,,,,,,,,,,,,,,,,2026_04_30_15_23_RISE_Baymeadows_Market.xlsx
2026-04-30,2026-04-01,BAY,Woodside at Seven Pines,No,2.06213257653,,,,,,,,,,,,,,,,,,2026_04_30_15_23_RISE_Baymeadows_Market.xlsx
2026-04-30,2026-04-01,BAY,Haven 8181,No,1.94555068062,,,,,,,,,,,,,,,,,,2026_04_30_15_23_RISE_Baymeadows_Market.xlsx
2026-04-30,2026-04-01,BAY,AVIA Lofts on Liberty Ridge,No,1.88074074074,,,,,,,,,,,,,,,,,,2026_04_30_15_23_RISE_Baymeadows_Market.xlsx
2026-04-30,2026-04-01,BAY,Olympus Preserve at Town Center,No,1.8773086531,,,,,,,,,,,,,,,,,,2026_04_30_15_23_RISE_Baymeadows_Market.xlsx
2026-04-30,2026-04-01,BAY,Elevate Baymeadows,No,1.84,,,,,,,,,,,,,,,,,,2026_04_30_15_23_RISE_Baymeadows_Market.xlsx
2026-04-30,2026-04-01,BAY,Steele Creek,No,1.81448815776,,,,,,,,,,,,,,,,,,2026_04_30_15_23_RISE_Baymeadows_Market.xlsx
2026-04-30,2026-04-01,BAY,Fusion,No,1.67967614698,,,,,,,,,,,,,,,,,,2026_04_30_15_23_RISE_Baymeadows_Market.xlsx
2026-04-30,2026-04-01,BAY,RISE Baymeadows,Yes,1.66071289169,,,,,,,,,,,,,,,,,,2026_04_30_15_23_RISE_Baymeadows_Market.xlsx
2026-04-30,2026-04-01,BAY,The Maggie Flats,No,1.60862610165,,,,,,,,,,,,,,,,,,2026_04_30_15_23_RISE_Baymeadows_Market.xlsx
2026-04-30,2026-04-01,BAY,Pinnacle,No,1.60318362706,,,,,,,,,,,,,,,,,,2026_04_30_15_23_RISE_Baymeadows_Market.xlsx
2026-04-30,2026-04-01,BAY,Effective Rent,No,,,,,,,,,,,,,,,,,,,2026_04_30_15_23_RISE_Baymeadows_Market.xlsx
2026-04-30,2026-04-01,BAY,Property,No,Effective Rent,,,,,,,,,,,,,,,,,,2026_04_30_15_23_RISE_Baymeadows_Market.xlsx
2026-04-30,2026-04-01,BAY,JTB Apartments,No,2097.61320755,,,,,,,,,,,,,,,,,,2026_04_30_15_23_RISE_Baymeadows_Market.xlsx
2026-04-30,2026-04-01,BAY,Woodside at Seven Pines,No,2072.22222222,,,,,,,,,,,,,,,,,,2026_04_30_15_23_RISE_Baymeadows_Market.xlsx
2026-04-30,2026-04-01,BAY,Avere Southside Quarter,No,1989.95,,,,,,,,,,,,,,,,,,2026_04_30_15_23_RISE_Baymeadows_Market.xlsx
2026-04-30,2026-04-01,BAY,Fusion,No,1947.66666667,,,,,,,,,,,,,,,,,,2026_04_30_15_23_RISE_Baymeadows_Market.xlsx
2026-04-30,2026-04-01,BAY,Pinnacle,No,1934.5,,,,,,,,,,,,,,,,,,2026_04_30_15_23_RISE_Baymeadows_Market.xlsx
2026-04-30,2026-04-01,BAY,Olympus Preserve at Town Center,No,1833.68,,,,,,,,,,,,,,,,,,2026_04_30_15_23_RISE_Baymeadows_Market.xlsx
2026-04-30,2026-04-01,BAY,Steele Creek,No,1768,,,,,,,,,,,,,,,,,,2026_04_30_15_23_RISE_Baymeadows_Market.xlsx
2026-04-30,2026-04-01,BAY,Haven 8181,No,1680.78947368,,,,,,,,,,,,,,,,,,2026_04_30_15_23_RISE_Baymeadows_Market.xlsx
2026-04-30,2026-04-01,BAY,WaterWalk Jacksonville - All bills paid - ...,No,1550,,,,,,,,,,,,,,,,,,2026_04_30_15_23_RISE_Baymeadows_Market.xlsx
2026-04-30,2026-04-01,BAY,The Maggie Flats,No,1529.52542373,,,,,,,,,,,,,,,,,,2026_04_30_15_23_RISE_Baymeadows_Market.xlsx
2026-04-30,2026-04-01,BAY,Artea,No,1410.85826772,,,,,,,,,,,,,,,,,,2026_04_30_15_23_RISE_Baymeadows_Market.xlsx
2026-04-30,2026-04-01,BAY,RISE Baymeadows,Yes,1322.53846154,,,,,,,,,,,,,,,,,,2026_04_30_15_23_RISE_Baymeadows_Market.xlsx
2026-04-30,2026-04-01,BAY,Elevate Baymeadows,No,1054.28571429,,,,,,,,,,,,,,,,,,2026_04_30_15_23_RISE_Baymeadows_Market.xlsx
2026-04-30,2026-04-01,BAY,AVIA Lofts on Liberty Ridge,No,1041.94444444,,,,,,,,,,,,,,,,,,2026_04_30_15_23_RISE_Baymeadows_Market.xlsx
2026-04-30,2026-04-01,BAY,Effective Rent / Sq Ft,No,,,,,,,,,,,,,,,,,,,2026_04_30_15_23_RISE_Baymeadows_Market.xlsx
2026-04-30,2026-04-01,BAY,Property,No,Effective Rent / Sq Ft,,,,,,,,,,,,,,,,,,2026_04_30_15_23_RISE_Baymeadows_Market.xlsx
2026-04-30,2026-04-01,BAY,WaterWalk Jacksonville - All bills paid - ...,No,2.58333333333,,,,,,,,,,,,,,,,,,2026_04_30_15_23_RISE_Baymeadows_Market.xlsx
2026-04-30,2026-04-01,BAY,JTB Apartments,No,2.18196895056,,,,,,,,,,,,,,,,,,2026_04_30_15_23_RISE_Baymeadows_Market.xlsx
2026-04-30,2026-04-01,BAY,Avere Southside Quarter,No,2.08776163248,,,,,,,,,,,,,,,,,,2026_04_30_15_23_RISE_Baymeadows_Market.xlsx
2026-04-30,2026-04-01,BAY,Woodside at Seven Pines,No,1.89033042773,,,,,,,,,,,,,,,,,,2026_04_30_15_23_RISE_Baymeadows_Market.xlsx
2026-04-30,2026-04-01,BAY,Artea,No,1.88316097028,,,,,,,,,,,,,,,,,,2026_04_30_15_23_RISE_Baymeadows_Market.xlsx
2026-04-30,2026-04-01,BAY,Olympus Preserve at Town Center,No,1.8773086531,,,,,,,,,,,,,,,,,,2026_04_30_15_23_RISE_Baymeadows_Market.xlsx
2026-04-30,2026-04-01,BAY,Haven 8181,No,1.79632129598,,,,,,,,,,,,,,,,,,2026_04_30_15_23_RISE_Baymeadows_Market.xlsx
2026-04-30,2026-04-01,BAY,Steele Creek,No,1.75205628778,,,,,,,,,,,,,,,,,,2026_04_30_15_23_RISE_Baymeadows_Market.xlsx
2026-04-30,2026-04-01,BAY,AVIA Lofts on Liberty Ridge,No,1.73657407407,,,,,,,,,,,,,,,,,,2026_04_30_15_23_RISE_Baymeadows_Market.xlsx
2026-04-30,2026-04-01,BAY,Elevate Baymeadows,No,1.68685714286,,,,,,,,,,,,,,,,,,2026_04_30_15_23_RISE_Baymeadows_Market.xlsx
2026-04-30,2026-04-01,BAY,Fusion,No,1.61732752059,,,,,,,,,,,,,,,,,,2026_04_30_15_23_RISE_Baymeadows_Market.xlsx
2026-04-30,2026-04-01,BAY,Pinnacle,No,1.46636346409,,,,,,,,,,,,,,,,,,2026_04_30_15_23_RISE_Baymeadows_Market.xlsx
2026-04-30,2026-04-01,BAY,The Maggie Flats,No,1.36185560787,,,,,,,,,,,,,,,,,,2026_04_30_15_23_RISE_Baymeadows_Market.xlsx
2026-04-30,2026-04-01,BAY,RISE Baymeadows,Yes,1.34217552187,,,,,,,,,,,,,,,,,,2026_04_30_15_23_RISE_Baymeadows_Market.xlsx
2026-04-30,2026-04-01,BAY,Sq Ft,No,,,,,,,,,,,,,,,,,,,2026_04_30_15_23_RISE_Baymeadows_Market.xlsx
2026-04-30,2026-04-01,BAY,Property,No,Sq Ft,,,,,,,,,,,,,,,,,,2026_04_30_15_23_RISE_Baymeadows_Market.xlsx
2026-04-30,2026-04-01,BAY,Pinnacle,No,1319.25,,,,,,,,,,,,,,,,,,2026_04_30_15_23_RISE_Baymeadows_Market.xlsx
2026-04-30,2026-04-01,BAY,Fusion,No,1204.25,,,,,,,,,,,,,,,,,,2026_04_30_15_23_RISE_Baymeadows_Market.xlsx
2026-04-30,2026-04-01,BAY,The Maggie Flats,No,1123.11864407,,,,,,,,,,,,,,,,,,2026_04_30_15_23_RISE_Baymeadows_Market.xlsx
2026-04-30,2026-04-01,BAY,Woodside at Seven Pines,No,1096.22222222,,,,,,,,,,,,,,,,,,2026_04_30_15_23_RISE_Baymeadows_Market.xlsx
2026-04-30,2026-04-01,BAY,Steele Creek,No,1009.1,,,,,,,,,,,,,,,,,,2026_04_30_15_23_RISE_Baymeadows_Market.xlsx
2026-04-30,2026-04-01,BAY,RISE Baymeadows,Yes,985.369230769,,,,,,,,,,,,,,,,,,2026_04_30_15_23_RISE_Baymeadows_Market.xlsx
2026-04-30,2026-04-01,BAY,Olympus Preserve at Town Center,No,976.76,,,,,,,,,,,,,,,,,,2026_04_30_15_23_RISE_Baymeadows_Market.xlsx
2026-04-30,2026-04-01,BAY,JTB Apartments,No,957.638888889,,,,,,,,,,,,,,,,,,2026_04_30_15_23_RISE_Baymeadows_Market.xlsx
2026-04-30,2026-04-01,BAY,Avere Southside Quarter,No,953.15,,,,,,,,,,,,,,,,,,2026_04_30_15_23_RISE_Baymeadows_Market.xlsx
2026-04-30,2026-04-01,BAY,Haven 8181,No,935.684210526,,,,,,,,,,,,,,,,,,2026_04_30_15_23_RISE_Baymeadows_Market.xlsx
2026-04-30,2026-04-01,BAY,Artea,No,749.196850394,,,,,,,,,,,,,,,,,,2026_04_30_15_23_RISE_Baymeadows_Market.xlsx
2026-04-30,2026-04-01,BAY,Elevate Baymeadows,No,625,,,,,,,,,,,,,,,,,,2026_04_30_15_23_RISE_Baymeadows_Market.xlsx
2026-04-30,2026-04-01,BAY,WaterWalk Jacksonville - All bills paid - ...,No,600,,,,,,,,,,,,,,,,,,2026_04_30_15_23_RISE_Baymeadows_Market.xlsx
2026-04-30,2026-04-01,BAY,AVIA Lofts on Liberty Ridge,No,600,,,,,,,,,,,,,,,,,,2026_04_30_15_23_RISE_Baymeadows_Market.xlsx
2026-04-30,2026-04-01,BAY,Concessions,No,,,,,,,,,,,,,,,,,,,2026_04_30_15_23_RISE_Baymeadows_Market.xlsx
2026-04-30,2026-04-01,BAY,Property,No,Concessions,,,,,,,,,,,,,,,,,,2026_04_30_15_23_RISE_Baymeadows_Market.xlsx
2026-04-30,2026-04-01,BAY,Artea,No,3986.11023622,,,,,,,,,,,,,,,,,,2026_04_30_15_23_RISE_Baymeadows_Market.xlsx
2026-04-30,2026-04-01,BAY,RISE Baymeadows,Yes,3765.69230769,,,,,,,,,,,,,,,,,,2026_04_30_15_23_RISE_Baymeadows_Market.xlsx
2026-04-30,2026-04-01,BAY,The Maggie Flats,No,3326,,,,,,,,,,,,,,,,,,2026_04_30_15_23_RISE_Baymeadows_Market.xlsx
2026-04-30,2026-04-01,BAY,Woodside at Seven Pines,No,2260.55555556,,,,,,,,,,,,,,,,,,2026_04_30_15_23_RISE_Baymeadows_Market.xlsx
2026-04-30,2026-04-01,BAY,Pinnacle,No,2167.91666667,,,,,,,,,,,,,,,,,,2026_04_30_15_23_RISE_Baymeadows_Market.xlsx
2026-04-30,2026-04-01,BAY,Haven 8181,No,1675.5,,,,,,,,,,,,,,,,,,2026_04_30_15_23_RISE_Baymeadows_Market.xlsx
2026-04-30,2026-04-01,BAY,Elevate Baymeadows,No,1150,,,,,,,,,,,,,,,,,,2026_04_30_15_23_RISE_Baymeadows_Market.xlsx
2026-04-30,2026-04-01,BAY,AVIA Lofts on Liberty Ridge,No,1038.22222222,,,,,,,,,,,,,,,,,,2026_04_30_15_23_RISE_Baymeadows_Market.xlsx
2026-04-30,2026-04-01,BAY,Fusion,No,832.384615385,,,,,,,,,,,,,,,,,,2026_04_30_15_23_RISE_Baymeadows_Market.xlsx
2026-04-30,2026-04-01,BAY,Steele Creek,No,757.4,,,,,,,,,,,,,,,,,,2026_04_30_15_23_RISE_Baymeadows_Market.xlsx
2026-04-30,2026-04-01,BAY,JTB Apartments,No,666.87962963,,,,,,,,,,,,,,,,,,2026_04_30_15_23_RISE_Baymeadows_Market.xlsx
2026-04-30,2026-04-01,BAY,Olympus Preserve at Town Center,No,0,,,,,,,,,,,,,,,,,,2026_04_30_15_23_RISE_Baymeadows_Market.xlsx
2026-04-30,2026-04-01,BAY,Avere Southside Quarter,No,0,,,,,,,,,,,,,,,,,,2026_04_30_15_23_RISE_Baymeadows_Market.xlsx
2026-04-30,2026-04-01,BAY,WaterWalk Jacksonville - All bills paid - ...,No,0,,,,,,,,,,,,,,,,,,2026_04_30_15_23_RISE_Baymeadows_Market.xlsx
2026-04-30,2026-04-01,BAY,Concession %,No,,,,,,,,,,,,,,,,,,,2026_04_30_15_23_RISE_Baymeadows_Market.xlsx
2026-04-30,2026-04-01,BAY,Property,No,Concession %,,,,,,,,,,,,,,,,,,2026_04_30_15_23_RISE_Baymeadows_Market.xlsx
2026-04-30,2026-04-01,BAY,RISE Baymeadows,Yes,0.191807609503,,,,,,,,,,,,,,,,,,2026_04_30_15_23_RISE_Baymeadows_Market.xlsx
2026-04-30,2026-04-01,BAY,Artea,No,0.190583101442,,,,,,,,,,,,,,,,,,2026_04_30_15_23_RISE_Baymeadows_Market.xlsx
2026-04-30,2026-04-01,BAY,The Maggie Flats,No,0.15340450682,,,,,,,,,,,,,,,,,,2026_04_30_15_23_RISE_Baymeadows_Market.xlsx
2026-04-30,2026-04-01,BAY,Pinnacle,No,0.0853427895981,,,,,,,,,,,,,,,,,,2026_04_30_15_23_RISE_Baymeadows_Market.xlsx
2026-04-30,2026-04-01,BAY,Woodside at Seven Pines,No,0.0833128532809,,,,,,,,,,,,,,,,,,2026_04_30_15_23_RISE_Baymeadows_Market.xlsx
2026-04-30,2026-04-01,BAY,Elevate Baymeadows,No,0.0832298136646,,,,,,,,,,,,,,,,,,2026_04_30_15_23_RISE_Baymeadows_Market.xlsx
2026-04-30,2026-04-01,BAY,Haven 8181,No,0.0767029027408,,,,,,,,,,,,,,,,,,2026_04_30_15_23_RISE_Baymeadows_Market.xlsx
2026-04-30,2026-04-01,BAY,AVIA Lofts on Liberty Ridge,No,0.0766541945648,,,,,,,,,,,,,,,,,,2026_04_30_15_23_RISE_Baymeadows_Market.xlsx
2026-04-30,2026-04-01,BAY,Fusion,No,0.037119433115,,,,,,,,,,,,,,,,,,2026_04_30_15_23_RISE_Baymeadows_Market.xlsx
2026-04-30,2026-04-01,BAY,Steele Creek,No,0.0344074276352,,,,,,,,,,,,,,,,,,2026_04_30_15_23_RISE_Baymeadows_Market.xlsx
2026-04-30,2026-04-01,BAY,JTB Apartments,No,0.0262800637623,,,,,,,,,,,,,,,,,,2026_04_30_15_23_RISE_Baymeadows_Market.xlsx
2026-04-30,2026-04-01,BAY,Olympus Preserve at Town Center,No,0,,,,,,,,,,,,,,,,,,2026_04_30_15_23_RISE_Baymeadows_Market.xlsx
2026-04-30,2026-04-01,BAY,Avere Southside Quarter,No,0,,,,,,,,,,,,,,,,,,2026_04_30_15_23_RISE_Baymeadows_Market.xlsx
2026-04-30,2026-04-01,BAY,WaterWalk Jacksonville - All bills paid - ...,No,0,,,,,,,,,,,,,,,,,,2026_04_30_15_23_RISE_Baymeadows_Market.xlsx
2026-04-30,2026-04-01,BAY,Total Avail. Units,No,,,,,,,,,,,,,,,,,,,2026_04_30_15_23_RISE_Baymeadows_Market.xlsx
2026-04-30,2026-04-01,BAY,Property,No,Total Avail. Units,,,,,,,,,,,,,,,,,,2026_04_30_15_23_RISE_Baymeadows_Market.xlsx
2026-04-30,2026-04-01,BAY,Artea,No,127,,,,,,,,,,,,,,,,,,2026_04_30_15_23_RISE_Baymeadows_Market.xlsx
2026-04-30,2026-04-01,BAY,JTB Apartments,No,108,,,,,,,,,,,,,,,,,,2026_04_30_15_23_RISE_Baymeadows_Market.xlsx
2026-04-30,2026-04-01,BAY,RISE Baymeadows,Yes,65,,,,,,,,,,,,,,,,,,2026_04_30_15_23_RISE_Baymeadows_Market.xlsx
2026-04-30,2026-04-01,BAY,The Maggie Flats,No,59,,,,,,,,,,,,,,,,,,2026_04_30_15_23_RISE_Baymeadows_Market.xlsx
2026-04-30,2026-04-01,BAY,Haven 8181,No,38,,,,,,,,,,,,,,,,,,2026_04_30_15_23_RISE_Baymeadows_Market.xlsx
2026-04-30,2026-04-01,BAY,Olympus Preserve at Town Center,No,25,,,,,,,,,,,,,,,,,,2026_04_30_15_23_RISE_Baymeadows_Market.xlsx
2026-04-30,2026-04-01,BAY,Steele Creek,No,20,,,,,,,,,,,,,,,,,,2026_04_30_15_23_RISE_Baymeadows_Market.xlsx
2026-04-30,2026-04-01,BAY,Avere Southside Quarter,No,20,,,,,,,,,,,,,,,,,,2026_04_30_15_23_RISE_Baymeadows_Market.xlsx
2026-04-30,2026-04-01,BAY,AVIA Lofts on Liberty Ridge,No,18,,,,,,,,,,,,,,,,,,2026_04_30_15_23_RISE_Baymeadows_Market.xlsx
2026-04-30,2026-04-01,BAY,Fusion,No,13,,,,,,,,,,,,,,,,,,2026_04_30_15_23_RISE_Baymeadows_Market.xlsx
2026-04-30,2026-04-01,BAY,Pinnacle,No,12,,,,,,,,,,,,,,,,,,2026_04_30_15_23_RISE_Baymeadows_Market.xlsx
2026-04-30,2026-04-01,BAY,Woodside at Seven Pines,No,9,,,,,,,,,,,,,,,,,,2026_04_30_15_23_RISE_Baymeadows_Market.xlsx
2026-04-30,2026-04-01,BAY,Elevate Baymeadows,No,7,,,,,,,,,,,,,,,,,,2026_04_30_15_23_RISE_Baymeadows_Market.xlsx
2026-04-30,2026-04-01,BAY,WaterWalk Jacksonville - All bills paid - ...,No,3,,,,,,,,,,,,,,,,,,2026_04_30_15_23_RISE_Baymeadows_Market.xlsx
2026-04-30,2026-04-01,BAY,Exposure %,No,,,,,,,,,,,,,,,,,,,2026_04_30_15_23_RISE_Baymeadows_Market.xlsx
2026-04-30,2026-04-01,BAY,Property,No,Exposure %,,,,,,,,,,,,,,,,,,2026_04_30_15_23_RISE_Baymeadows_Market.xlsx
2026-04-30,2026-04-01,BAY,Artea,No,0.373529411765,,,,,,,,,,,,,,,,,,2026_04_30_15_23_RISE_Baymeadows_Market.xlsx
2026-04-30,2026-04-01,BAY,JTB Apartments,No,0.308571428571,,,,,,,,,,,,,,,,,,2026_04_30_15_23_RISE_Baymeadows_Market.xlsx
2026-04-30,2026-04-01,BAY,The Maggie Flats,No,0.210714285714,,,,,,,,,,,,,,,,,,2026_04_30_15_23_RISE_Baymeadows_Market.xlsx
2026-04-30,2026-04-01,BAY,RISE Baymeadows,Yes,0.196374622356,,,,,,,,,,,,,,,,,,2026_04_30_15_23_RISE_Baymeadows_Market.xlsx
2026-04-30,2026-04-01,BAY,AVIA Lofts on Liberty Ridge,No,0.160714285714,,,,,,,,,,,,,,,,,,2026_04_30_15_23_RISE_Baymeadows_Market.xlsx
2026-04-30,2026-04-01,BAY,Haven 8181,No,0.111111111111,,,,,,,,,,,,,,,,,,2026_04_30_15_23_RISE_Baymeadows_Market.xlsx
2026-04-30,2026-04-01,BAY,Olympus Preserve at Town Center,No,0.0675675675676,,,,,,,,,,,,,,,,,,2026_04_30_15_23_RISE_Baymeadows_Market.xlsx
2026-04-30,2026-04-01,BAY,Steele Creek,No,0.0666666666667,,,,,,,,,,,,,,,,,,2026_04_30_15_23_RISE_Baymeadows_Market.xlsx
2026-04-30,2026-04-01,BAY,Avere Southside Quarter,No,0.0621118012422,,,,,,,,,,,,,,,,,,2026_04_30_15_23_RISE_Baymeadows_Market.xlsx
2026-04-30,2026-04-01,BAY,WaterWalk Jacksonville - All bills paid - ...,No,0.06,,,,,,,,,,,,,,,,,,2026_04_30_15_23_RISE_Baymeadows_Market.xlsx
2026-04-30,2026-04-01,BAY,Elevate Baymeadows,No,0.0364583333333,,,,,,,,,,,,,,,,,,2026_04_30_15_23_RISE_Baymeadows_Market.xlsx
2026-04-30,2026-04-01,BAY,Fusion,No,0.0338541666667,,,,,,,,,,,,,,,,,,2026_04_30_15_23_RISE_Baymeadows_Market.xlsx
2026-04-30,2026-04-01,BAY,Pinnacle,No,0.031914893617,,,,,,,,,,,,,,,,,,2026_04_30_15_23_RISE_Baymeadows_Market.xlsx
2026-04-30,2026-04-01,BAY,Woodside at Seven Pines,No,0.03,,,,,,,,,,,,,,,,,,2026_04_30_15_23_RISE_Baymeadows_Market.xlsx
2026-04-30,2026-04-01,BAY,Leased %,No,,,,,,,,,,,,,,,,,,,2026_04_30_15_23_RISE_Baymeadows_Market.xlsx
2026-04-30,2026-04-01,BAY,Property,No,Leased %,,,,,,,,,,,,,,,,,,2026_04_30_15_23_RISE_Baymeadows_Market.xlsx
2026-04-30,2026-04-01,BAY,Steele Creek,No,0.973333333333,,,,,,,,,,,,,,,,,,2026_04_30_15_23_RISE_Baymeadows_Market.xlsx
2026-04-30,2026-04-01,BAY,Fusion,No,0.966145833333,,,,,,,,,,,,,,,,,,2026_04_30_15_23_RISE_Baymeadows_Market.xlsx
2026-04-30,2026-04-01,BAY,Avere Southside Quarter,No,0.965838509317,,,,,,,,,,,,,,,,,,2026_04_30_15_23_RISE_Baymeadows_Market.xlsx
2026-04-30,2026-04-01,BAY,Elevate Baymeadows,No,0.963541666667,,,,,,,,,,,,,,,,,,2026_04_30_15_23_RISE_Baymeadows_Market.xlsx
2026-04-30,2026-04-01,BAY,Woodside at Seven Pines,No,0.963333333333,,,,,,,,,,,,,,,,,,2026_04_30_15_23_RISE_Baymeadows_Market.xlsx
2026-04-30,2026-04-01,BAY,WaterWalk Jacksonville - All bills paid - ...,No,0.96,,,,,,,,,,,,,,,,,,2026_04_30_15_23_RISE_Baymeadows_Market.xlsx
2026-04-30,2026-04-01,BAY,Pinnacle,No,0.946808510638,,,,,,,,,,,,,,,,,,2026_04_30_15_23_RISE_Baymeadows_Market.xlsx
2026-04-30,2026-04-01,BAY,Haven 8181,No,0.926900584795,,,,,,,,,,,,,,,,,,2026_04_30_15_23_RISE_Baymeadows_Market.xlsx
2026-04-30,2026-04-01,BAY,Olympus Preserve at Town Center,No,0.894594594595,,,,,,,,,,,,,,,,,,2026_04_30_15_23_RISE_Baymeadows_Market.xlsx
2026-04-30,2026-04-01,BAY,AVIA Lofts on Liberty Ridge,No,0.866071428571,,,,,,,,,,,,,,,,,,2026_04_30_15_23_RISE_Baymeadows_Market.xlsx
2026-04-30,2026-04-01,BAY,JTB Apartments,No,0.837142857143,,,,,,,,,,,,,,,,,,2026_04_30_15_23_RISE_Baymeadows_Market.xlsx
2026-04-30,2026-04-01,BAY,The Maggie Flats,No,0.810714285714,,,,,,,,,,,,,,,,,,2026_04_30_15_23_RISE_Baymeadows_Market.xlsx
2026-04-30,2026-04-01,BAY,RISE Baymeadows,Yes,0.752265861027,,,,,,,,,,,,,,,,,,2026_04_30_15_23_RISE_Baymeadows_Market.xlsx
2026-04-30,2026-04-01,BAY,Artea,No,0.620588235294,,,,,,,,,,,,,,,,,,2026_04_30_15_23_RISE_Baymeadows_Market.xlsx
2026-04-30,2026-04-01,BAY,Applications Last 7 Days,No,,,,,,,,,,,,,,,,,,,2026_04_30_15_23_RISE_Baymeadows_Market.xlsx
2026-04-30,2026-04-01,BAY,Property,No,Applications Last 7 Days,,,,,,,,,,,,,,,,,,2026_04_30_15_23_RISE_Baymeadows_Market.xlsx
2026-04-30,2026-04-01,BAY,RISE Baymeadows,Yes,23,,,,,,,,,,,,,,,,,,2026_04_30_15_23_RISE_Baymeadows_Market.xlsx
2026-04-30,2026-04-01,BAY,Woodside at Seven Pines,No,13,,,,,,,,,,,,,,,,,,2026_04_30_15_23_RISE_Baymeadows_Market.xlsx
2026-04-30,2026-04-01,BAY,Pinnacle,No,13,,,,,,,,,,,,,,,,,,2026_04_30_15_23_RISE_Baymeadows_Market.xlsx
2026-04-30,2026-04-01,BAY,Fusion,No,10,,,,,,,,,,,,,,,,,,2026_04_30_15_23_RISE_Baymeadows_Market.xlsx
2026-04-30,2026-04-01,BAY,Artea,No,10,,,,,,,,,,,,,,,,,,2026_04_30_15_23_RISE_Baymeadows_Market.xlsx
2026-04-30,2026-04-01,BAY,Haven 8181,No,7,,,,,,,,,,,,,,,,,,2026_04_30_15_23_RISE_Baymeadows_Market.xlsx
2026-04-30,2026-04-01,BAY,The Maggie Flats,No,6,,,,,,,,,,,,,,,,,,2026_04_30_15_23_RISE_Baymeadows_Market.xlsx
2026-04-30,2026-04-01,BAY,Steele Creek,No,4,,,,,,,,,,,,,,,,,,2026_04_30_15_23_RISE_Baymeadows_Market.xlsx
2026-04-30,2026-04-01,BAY,Avere Southside Quarter,No,4,,,,,,,,,,,,,,,,,,2026_04_30_15_23_RISE_Baymeadows_Market.xlsx
2026-04-30,2026-04-01,BAY,AVIA Lofts on Liberty Ridge,No,4,,,,,,,,,,,,,,,,,,2026_04_30_15_23_RISE_Baymeadows_Market.xlsx
2026-04-30,2026-04-01,BAY,JTB Apartments,No,3,,,,,,,,,,,,,,,,,,2026_04_30_15_23_RISE_Baymeadows_Market.xlsx
2026-04-30,2026-04-01,BAY,WaterWalk Jacksonville - All bills paid - ...,No,2,,,,,,,,,,,,,,,,,,2026_04_30_15_23_RISE_Baymeadows_Market.xlsx
2026-04-30,2026-04-01,BAY,Olympus Preserve at Town Center,No,1,,,,,,,,,,,,,,,,,,2026_04_30_15_23_RISE_Baymeadows_Market.xlsx
2026-04-30,2026-04-01,BAY,Elevate Baymeadows,No,0,,,,,,,,,,,,,,,,,,2026_04_30_15_23_RISE_Baymeadows_Market.xlsx
2026-04-30,2026-04-01,BAY,Applications Last 30 Days,No,,,,,,,,,,,,,,,,,,,2026_04_30_15_23_RISE_Baymeadows_Market.xlsx
2026-04-30,2026-04-01,BAY,Property,No,Applications Last 30 Days,,,,,,,,,,,,,,,,,,2026_04_30_15_23_RISE_Baymeadows_Market.xlsx
2026-04-30,2026-04-01,BAY,RISE Baymeadows,Yes,70,,,,,,,,,,,,,,,,,,2026_04_30_15_23_RISE_Baymeadows_Market.xlsx
2026-04-30,2026-04-01,BAY,Pinnacle,No,42,,,,,,,,,,,,,,,,,,2026_04_30_15_23_RISE_Baymeadows_Market.xlsx
2026-04-30,2026-04-01,BAY,Woodside at Seven Pines,No,41,,,,,,,,,,,,,,,,,,2026_04_30_15_23_RISE_Baymeadows_Market.xlsx
2026-04-30,2026-04-01,BAY,Fusion,No,38,,,,,,,,,,,,,,,,,,2026_04_30_15_23_RISE_Baymeadows_Market.xlsx
2026-04-30,2026-04-01,BAY,Artea,No,28,,,,,,,,,,,,,,,,,,2026_04_30_15_23_RISE_Baymeadows_Market.xlsx
2026-04-30,2026-04-01,BAY,Haven 8181,No,24,,,,,,,,,,,,,,,,,,2026_04_30_15_23_RISE_Baymeadows_Market.xlsx
2026-04-30,2026-04-01,BAY,The Maggie Flats,No,24,,,,,,,,,,,,,,,,,,2026_04_30_15_23_RISE_Baymeadows_Market.xlsx
2026-04-30,2026-04-01,BAY,JTB Apartments,No,23,,,,,,,,,,,,,,,,,,2026_04_30_15_23_RISE_Baymeadows_Market.xlsx
2026-04-30,2026-04-01,BAY,Avere Southside Quarter,No,15,,,,,,,,,,,,,,,,,,2026_04_30_15_23_RISE_Baymeadows_Market.xlsx
2026-04-30,2026-04-01,BAY,Steele Creek,No,14,,,,,,,,,,,,,,,,,,2026_04_30_15_23_RISE_Baymeadows_Market.xlsx
2026-04-30,2026-04-01,BAY,Olympus Preserve at Town Center,No,10,,,,,,,,,,,,,,,,,,2026_04_30_15_23_RISE_Baymeadows_Market.xlsx
2026-04-30,2026-04-01,BAY,AVIA Lofts on Liberty Ridge,No,7,,,,,,,,,,,,,,,,,,2026_04_30_15_23_RISE_Baymeadows_Market.xlsx
2026-04-30,2026-04-01,BAY,WaterWalk Jacksonville - All bills paid - ...,No,6,,,,,,,,,,,,,,,,,,2026_04_30_15_23_RISE_Baymeadows_Market.xlsx
2026-04-30,2026-04-01,BAY,Elevate Baymeadows,No,0,,,,,,,,,,,,,,,,,,2026_04_30_15_23_RISE_Baymeadows_Market.xlsx
2026-04-30,2026-04-01,BAY,Total Leased Units,No,,,,,,,,,,,,,,,,,,,2026_04_30_15_23_RISE_Baymeadows_Market.xlsx
2026-04-30,2026-04-01,BAY,Property,No,Total Leased Units,,,,,,,,,,,,,,,,,,2026_04_30_15_23_RISE_Baymeadows_Market.xlsx
2026-04-30,2026-04-01,BAY,RISE Baymeadows,Yes,3,,,,,,,,,,,,,,,,,,2026_04_30_15_23_RISE_Baymeadows_Market.xlsx
2026-04-30,2026-04-01,BAY,Pinnacle,No,2,,,,,,,,,,,,,,,,,,2026_04_30_15_23_RISE_Baymeadows_Market.xlsx
2026-04-30,2026-04-01,BAY,Woodside at Seven Pines,No,1,,,,,,,,,,,,,,,,,,2026_04_30_15_23_RISE_Baymeadows_Market.xlsx
2026-04-30,2026-04-01,BAY,Steele Creek,No,1,,,,,,,,,,,,,,,,,,2026_04_30_15_23_RISE_Baymeadows_Market.xlsx
2026-04-30,2026-04-01,BAY,Avere Southside Quarter,No,1,,,,,,,,,,,,,,,,,,2026_04_30_15_23_RISE_Baymeadows_Market.xlsx
2026-04-30,2026-04-01,BAY,Fusion,No,0,,,,,,,,,,,,,,,,,,2026_04_30_15_23_RISE_Baymeadows_Market.xlsx
2026-04-30,2026-04-01,BAY,Elevate Baymeadows,No,0,,,,,,,,,,,,,,,,,,2026_04_30_15_23_RISE_Baymeadows_Market.xlsx
2026-04-30,2026-04-01,BAY,Olympus Preserve at Town Center,No,0,,,,,,,,,,,,,,,,,,2026_04_30_15_23_RISE_Baymeadows_Market.xlsx
2026-04-30,2026-04-01,BAY,WaterWalk Jacksonville - All bills paid - ...,No,0,,,,,,,,,,,,,,,,,,2026_04_30_15_23_RISE_Baymeadows_Market.xlsx
2026-04-30,2026-04-01,BAY,Haven 8181,No,0,,,,,,,,,,,,,,,,,,2026_04_30_15_23_RISE_Baymeadows_Market.xlsx
2026-04-30,2026-04-01,BAY,AVIA Lofts on Liberty Ridge,No,0,,,,,,,,,,,,,,,,,,2026_04_30_15_23_RISE_Baymeadows_Market.xlsx
2026-04-30,2026-04-01,BAY,The Maggie Flats,No,0,,,,,,,,,,,,,,,,,,2026_04_30_15_23_RISE_Baymeadows_Market.xlsx
2026-04-30,2026-04-01,BAY,JTB Apartments,No,0,,,,,,,,,,,,,,,,,,2026_04_30_15_23_RISE_Baymeadows_Market.xlsx
2026-04-30,2026-04-01,BAY,Artea,No,0,,,,,,,,,,,,,,,,,,2026_04_30_15_23_RISE_Baymeadows_Market.xlsx
2026-04-30,2026-04-01,BAY,Vacant Units,No,,,,,,,,,,,,,,,,,,,2026_04_30_15_23_RISE_Baymeadows_Market.xlsx
2026-04-30,2026-04-01,BAY,Property,No,Vacant Units,,,,,,,,,,,,,,,,,,2026_04_30_15_23_RISE_Baymeadows_Market.xlsx
2026-04-30,2026-04-01,BAY,Artea,No,133,,,,,,,,,,,,,,,,,,2026_04_30_15_23_RISE_Baymeadows_Market.xlsx
2026-04-30,2026-04-01,BAY,RISE Baymeadows,Yes,87,,,,,,,,,,,,,,,,,,2026_04_30_15_23_RISE_Baymeadows_Market.xlsx
2026-04-30,2026-04-01,BAY,The Maggie Flats,No,56,,,,,,,,,,,,,,,,,,2026_04_30_15_23_RISE_Baymeadows_Market.xlsx
2026-04-30,2026-04-01,BAY,JTB Apartments,No,53,,,,,,,,,,,,,,,,,,2026_04_30_15_23_RISE_Baymeadows_Market.xlsx
2026-04-30,2026-04-01,BAY,Olympus Preserve at Town Center,No,44,,,,,,,,,,,,,,,,,,2026_04_30_15_23_RISE_Baymeadows_Market.xlsx
2026-04-30,2026-04-01,BAY,Haven 8181,No,26,,,,,,,,,,,,,,,,,,2026_04_30_15_23_RISE_Baymeadows_Market.xlsx
2026-04-30,2026-04-01,BAY,Pinnacle,No,25,,,,,,,,,,,,,,,,,,2026_04_30_15_23_RISE_Baymeadows_Market.xlsx
2026-04-30,2026-04-01,BAY,Woodside at Seven Pines,No,16,,,,,,,,,,,,,,,,,,2026_04_30_15_23_RISE_Baymeadows_Market.xlsx
2026-04-30,2026-04-01,BAY,Fusion,No,16,,,,,,,,,,,,,,,,,,2026_04_30_15_23_RISE_Baymeadows_Market.xlsx
2026-04-30,2026-04-01,BAY,AVIA Lofts on Liberty Ridge,No,16,,,,,,,,,,,,,,,,,,2026_04_30_15_23_RISE_Baymeadows_Market.xlsx
2026-04-30,2026-04-01,BAY,Steele Creek,No,13,,,,,,,,,,,,,,,,,,2026_04_30_15_23_RISE_Baymeadows_Market.xlsx
2026-04-30,2026-04-01,BAY,Avere Southside Quarter,No,13,,,,,,,,,,,,,,,,,,2026_04_30_15_23_RISE_Baymeadows_Market.xlsx
2026-04-30,2026-04-01,BAY,Elevate Baymeadows,No,7,,,,,,,,,,,,,,,,,,2026_04_30_15_23_RISE_Baymeadows_Market.xlsx
2026-04-30,2026-04-01,BAY,WaterWalk Jacksonville - All bills paid - ...,No,2,,,,,,,,,,,,,,,,,,2026_04_30_15_23_RISE_Baymeadows_Market.xlsx
